Phrase,Translation
給料が上がりました。,My salary has increased.
風邪で熱が39度まで上がった。,My fever rose to 39 degrees due to a cold.
スピーチをするとき、いつも上がります。,It always rises when I give a speech.
雨が上がったら、出かけましょうか,Let's go out when the rain stops.
遠慮しないで、どうぞお上がりください。,"Don't be shy, please come up."
かばんを棚に上げます。,I put my bag up on the shelf.
友達の誕生日にプレゼントをあげました。,I gave my friend a present for her birthday.
質問があったら、手を挙げてください。,Please raise your hand if you have any questions.
日本語を教えてあげましょうか。,Would you like me to teach you Japanese?
論文を書き上げたら、連絡します。,I'll call you when I finish my paper.
窓を開けてもいいですか。,Can I open the window?
ドアに鍵がかかっていて、開けられません。,I can't open the door because it's locked.
旅行に行くので、しばらく家を空けます。,"I'm going on a trip, so I won't be home for a while."
今度の日曜日を空けておいてください。,Please leave this Sunday open.
明けましておめでとうございます。,Happy New Year to you.
寝坊したので、朝御飯を食べるのをあきらめました。,"I overslept, so I gave up eating breakfast."
この企画は見込みがない。あきらめよう。,This project has no chance. Let's give up.
あきらめてはいけません。,Don't give up.
ゴールはもう少しだ。あきらめるな。,The goal is almost there. Don't give up.
何を言われても、私はあきらめなかった。,"No matter what they said, I didn't give up."
毎日同じ仕事をするのに飽きました。,I got tired of doing the same job every day.
息子はそのおもちゃにもう飽きたようだ。,My son is already bored with that toy.
勉強に飽きたら、散歩します。,"When I get tired of studying, I take a walk."
すぐに飽きるのはあなたの悪い癖だ。,It's a bad habit of yours to get bored easily.
そんな説教は聞き飽きた。,I'm tired of hearing such sermons.
このボタンを押すと、ドアが開きます。,Press this button to open the door.
鍵が壊れていて、窓が開かない。,The lock is broken and the window won't open.
銀行は9時に開くそうです。,The bank says it will open at nine o'clock.
その席は空いていますか,Is that seat available?
土曜日は忙しいけど、日曜日なら空いています。,"I'm busy on Saturdays, but I'm free on Sundays."
去年、その二つのチームは優勝を争った,"Last year, those two teams fought for the championship."
鈴木さんは佐藤さんと昇進を争っている,Mr. Suzuki is competing with Mr. Sato for a promotion.
その土地が誰の物か、法廷で争われた。,They fought in court over who owned the land.
争うのは好きじゃない,I don't like to fight.
今は一刻を争う時です。,Now is the time to fight for every second.
食事の前に、手を洗いました。,"Before eating, I washed my hands."
このセーターは水でも洗えます。,This sweater can be washed with water.
彼女は子供たちにお皿を洗わせます。,She lets the children wash the dishes.
何度洗っても、このしみは落ちない。,"No matter how many times I wash them, these stains will not come off."
自然の中にいると、心が洗われるようだ。,Being in nature seems to wash my mind.
森から熊が現れた,A bear emerges from the forest.
一時間待っても、彼は現れなかった,"I waited for an hour, but he didn't show up."
彼は、いら立ちが声に表れていた。,His frustration was evident in his voice.
彼女は気持ちがすぐ顔に表れる。,She can easily show her feelings in her face.
雪がとけて、地面が現れ出しました。,The snow melted and the ground began to appear.
突然物陰から男が姿を現した。,Suddenly a man emerged from the shadows.
彼女は感情を態度に表しません。,She doesn't show her emotions in her attitude.
あの看板は何を表しているのでしょうか。,What does that sign represent?
その景色の美しさは言葉では表せない。,The beauty of the scenery cannot be described in words.
彼は亡くなる一年前に自伝を著しました。,He wrote his autobiography a year before he died.
郵便局は駅のそばにあります。,The post office is located near the station.
時間とお金があれば、京都へ行きたいです。,"If I had the time and money, I would like to go to Kyoto."
田中さんから電話がありました。,I got a call from Mr. Tanaka.
時から会議があるので、失礼します。,"I have a meeting at 5:00 p.m., so if you'll excuse me."
ゆうべ遅くに地震がありました。,There was an earthquake late last night.
銀座の街を歩きました,I walked the streets of Ginza.
三十分歩いて、やっと駅に着いた。,"After walking for thirty minutes, I finally arrived at the station."
ちょっと歩こうか。,Let's walk for a while.
駅から家まで歩いて五分ぐらいです。,It's about a five-minute walk from the station to my house.
足が痛くて、歩けません。,"My feet hurt, so I can't walk."
週末、友達と六本木で遊んだ。,"On the weekend, I hung out with my friends in Roppongi."
弟とゲームをして遊ぶつもりです。,I'm going to play games with my brother.
遊んでばかりいないで、勉強しなさい。,"Don't keep playing, you should study."
危険。この川で遊ぶな。,Danger. Don't play in this river.
どうぞ近いうちに遊びに来てください。,Please come and play with us soon.
ボールが窓に当たって、ガラスが割れた。,The ball hit the window and broke the glass.
天気予報が当たって、午後から雪が降った,The weather forecast came true and it snowed in the afternoon.
宝くじで百万円が当たった。,I won one million yen in the lottery.
その映画はとても当たった。,That movie was very successful.
私の部屋は日が当たらない。,There is no sun in my room.
ダーツを的の中心に当てるのは難しい。,It is difficult to hit a dart into the center of the target.
クイズの答えを当てました。,I guessed the answer to the quiz.
この箱の中身は何か当ててみてください。,Guess what's in this box.
額に手を当ててみたら、熱かった。,I put my hand on my forehead and it was hot.
これはあなたにあてた手紙です。,This is a letter addressed to you.
切手がたくさん集まった。,I collected a lot of stamps.
明日は何時に集まればいいですか。,What time should we meet tomorrow?
十時に集まってください。,Please meet me at ten o'clock.
またいつか集まりましょう。,Let's get together again sometime.
コンサートに三千人ぐらいの人が集まりました。,There were about three thousand people at the concert.
私は切手を集めています。,I'm collecting stamps.
生徒たちは全員校庭に集められた。,All the students were gathered in the schoolyard.
論文を書くために、資料を集めておきます。,I will collect materials to write my paper.
集めたごみを燃やしましょう。,Let's burn the garbage we have collected.
彼女の服は、周りの人の注目を集めた。,Her clothes drew the attention of everyone around her.
仕事の後で友達と会って、食事に行きます。,I'm going to meet my friends for dinner after work.
明日三時に駅で会いましょう。,I'll meet you at the station tomorrow at three o'clock.
どこかでお会いしませんでしたか。,Have we met somewhere else?
この靴はサイズが合いません。もう少し小さいのをください。,These shoes are not the right size. Please give me a smaller one.
答えが合っているかどうか、確かめてください。,Please make sure your answer is correct.
遅れたことを彼に謝ったほうがいい。,You'd better apologize to him for being late.
正直に謝ったら、彼女は許してくれた。,"When I apologized honestly, she forgave me."
彼女はとても怒って、彼に謝らせた。,She got very angry and made him apologize.
判断を誤ったかもしれない。,I may have misjudged the situation.
誤って、大切な書類を捨ててしまった。,I accidentally threw away an important document.
あなたの荷物を預かっています。,I'm taking care of your luggage.
このかばんを預かってもらえますか。,Can you take care of this bag for me?
コートはどこで預かってくれますか。,Where can I keep my coat?
こちらでお預かりいたします。,You can take care of it here.
友達が子供を預かってくれた。,A friend took care of my child.
荷物を受付に預けました。,I left my luggage at the reception desk.
荷物を預ける所は、どこですか。,Where can I leave my luggage?
あそこに預けられますよ。,You can leave them there.
彼らは子供を保育園に預けて働いている。,They leave their children at the nursery and go to work.
鈴木さんは銀行に百万円を預けている。,Mr. Suzuki has one million yen deposited in the bank.
肩がドアにぶつかりました。,My shoulder hit the door.
交差点で車とバイクがぶつかった。,A car and a motorcycle collided at the intersection.
この道は少し先で川とぶつかります。,This road collides with a river a little further on.
山田さんはよく上司とぶつかっている。,Mr. Yamada often bumps into his boss.
去年はクリスマスと日曜日がぶつかった。,"Last year, Christmas and Sunday collided."
足を机の角にぶつけてしまった。,She hit her foot on the corner of the desk.
彼女は車をガードレールにぶつけました。,She hit her car against the guardrail.
転んで、頭を床にぶつけそうになった。,She fell and almost hit her head on the floor.
車を駐車場に止めておいたら、誰かにぶつけられた。,I parked my car in a parking lot and someone hit me.
イライラを人にぶつけるのは、やめてください。,Please don't take your frustration out on people.
あの人は日本人ですか。いいえ、違います。,"Is that person Japanese? No, he's not."
この部屋とあの部屋は大きさが違います。,This room and that room are different in size.
私は彼女と意見が違う。,I have a difference of opinion with her.
電話番号が違いますよ。,Your phone number is different.
習慣は国によって違うものです。,Customs vary from country to country.
いすを机に近づけてください。,Please move your chair closer to the desk.
鈴木さんは仕事中、人を近づけない。,Mr. Suzuki doesn't let people near him when he's working.
彼は顔を窓に近づけて、外を見た。,He put his face close to the window and looked out.
子供をストーブに近づけないでください。,Keep your children away from the stove.
悪い友人を近づけないようにしなさい。,Keep your bad friends away from it.
電車は駅に近づいた。,The train approached the station.
危ないから、その機械に近づいてはいけない。,Don't go near that machine because it's dangerous.
クリスマスが近づくと、街はにぎやかになる。,"As Christmas approaches, the city becomes more lively."
天気予報によると、台風が近づいているそうだ。,"According to the weather forecast, a typhoon is approaching."
彼はひどい風邪をひいているから、近づかないほうがいい。,"He has a bad cold, so he should stay away from it."
子供は熊のぬいぐるみを抱いている。,The child is holding a stuffed bear.
彼は息子を両腕にしっかり抱いた。,He held his son tightly in both arms.
友達の赤ちゃんを抱かせてもらった。,I was allowed to hold my friend's baby.
その男の子は母親に抱かれて、眠ってしまった。,The boy fell asleep in his mother's arms.
彼は大きな夢を抱いて、故郷を出た。,He left his hometown with big dreams.
その男はたくさんの人をだました。,The man cheated a lot of people.
彼らは観光客をだまして、高い物を買わせた。,They tricked the tourists into buying expensive things.
彼はうそが上手で、すっかりだまされてしまった。,He was a good liar and he was completely deceived.
そんな下手な言い訳では、親はだませないでしょう。,You can't fool your parents with such a lame excuse.
彼女をだますつもりはなかった。,I didn't mean to deceive her.
かばんから財布を出しました。,I took my wallet out of my bag.
ごみは朝八時までに出してください。,Garbage should be put out by eight o'clock in the morning.
昨日、母に手紙を出しました。,I sent a letter to my mother yesterday.
このレポートは何日までに出さなければなりませんか。,By what date must this report be submitted?
急に雨が降り出しました。,It suddenly started to rain.
出かけましょう。,Let's go out.
加藤さんは買い物に出かけた。,Mr. Kato went out for shopping.
日曜日、どこにも出かけませんでした。,I didn't go out anywhere on Sunday.
午後、用事があって、出かけなければならない。,I have to go out in the afternoon for some errands.
先生は六時ごろお出かけになりました。,The doctor went out around six o'clock.
食事の用意ができた。,The meal is ready.
日本語ができますか。,Can you speak Japanese?
女はピアノを弾くことができます。,The woman can play the piano.
申込書は、できるだけ早く出して下さい。,Please submit the application form as soon as possible.
駅の近くに新しいスーパーができたそうです。,I heard that a new supermarket has opened near the station.
森さんは、もう会社を出ましたか。,Has Mr. Mori left the office yet?
三時に会議に出なければならないので、失礼します。,"I have to go to a meeting at three o'clock, so if you'll excuse me."
新聞に地震の記事が出ています。,There's an article about the earthquake in the newspaper.
彼はアメリカの大学を出たそうです。,I heard that he graduated from an American university.
マラソン大会に出るために、毎日走っています。,I run every day to participate in marathons.
どうしてその仕事を選びましたか。,Why did you choose that job?
どうぞお好きな物をお選びください。,Please choose the one you like.
田中さんは議長に選ばれました。,Mr. Tanaka was chosen as the chairman.
毎朝、妹は服を選ぶのに時間がかかる。,"Every morning, my sister takes a long time to choose her clothes."
先生にいい辞書を選んでいただきました。,My teacher chose a good dictionary for me.
日本語の語彙が増えた。,My Japanese vocabulary has increased.
体重が5キロ増えました。,My weight has increased by five kilograms.
世界の人口は増え続けている。,The world's population continues to grow.
最近、電気自動車の数が増えている。,The number of electric cars has been increasing recently.
転職してから収入が増えた。,My income has increased since I changed jobs.
汚いから、机の上をふいて下さい。,Please wipe the top of your desk because it is dirty.
雨でぬれた髪の毛をタオルでふいた。,"I wiped my hair, which was wet from the rain, with a towel."
外は強い風が吹いている。,A strong wind is blowing outside.
田中さんはフルートが吹けます。,Mr. Tanaka can play the flute.
弟は口笛を吹くのが上手だ。,My brother can play the whistle very well.
税金を含めて、三万五千円です。,"Including taxes, it's thirty-five thousand yen."
鈴木さんを含めると、全部で十人になります。,"If you include Mr. Suzuki, there will be ten people in all."
領収書にこの本の代金を含めないでください。,Please don't include the cost of this book in your receipt.
部屋代を含めずに、一日は五千円ぐらいでした。,"Not including the cost of the room, it was about five thousand yen a day."
彼女はかんで含めるように子供に説明した。,She explained to the child to include it in the kan.
この値段には消費税が含まれていますか。,Does this price include the consumption tax?
このあめには砂糖は含まれていません。,This candy does not contain any sugar.
その事件は複雑な問題を含んでいるようだ。,The case seems to involve a complicated issue.
薬を口に含んで、水で流し込んだ。,He put the medicine in his mouth and poured it down with water.
人工の添加物を含まない食品を買うようにしている。,I try to buy foods that don't contain artificial additives.
このボタンに触れると、ドアが開きます,Touch this button to open the door.
展示品に手を触れないで下さい。,Do not touch the exhibits.
その話題には触れないほうがいい。,It is better not to touch that subject.
道でその看板が目に触れた。,I saw that sign on the street.
法に触れるような行為はしたことがない。,I've never done anything against the law.
雪が降っています。,It is snowing.
雨に降られて、びしょぬれです。,It's raining and I'm soaking wet.
彼女は手を振って、さようならと言った。,She waved and said goodbye.
彼は彼女に振られて、落ち込んでいます。,He is depressed because she rejected him.
漢字にかなを振ってくれませんか。,Could you please write the kana for the kanji?
食べ過ぎて、ちょっと太ってしまいました。,I ate too much and got a little fat.
田中さんは太っています。,Tanaka-san is overweight.
これ以上太らないように、運動を始めた,I've started exercising so I won't get any fatter.
もう少し太ったほうがいいですよ。,You should get a little fatter.
彼女は太った猫を飼っている。,She has a fat cat.
もっと日本語の語彙を増やしたい。,I want to increase my Japanese vocabulary more.
学校は日本語のクラスをもう一つ増やしました。,The school has added another Japanese class.
これ以上、仕事を増やさないでください。,Please don't make more work for me.
息子はもっと小遣いを増やしてほしいと言った。,My son asked for more pocket money.
勉強の時間を増やしたほうがいい。,You should have more time to study.
頑張ってください。,Please do your best.
頑張れ。,Work hard.
彼は家族のために頑張って働いている。,He is working hard to provide for his family.
仕事は大変ですが、頑張りたいと思います。,"It's hard work, but I'll do my best."
あきらめずに、最後まで頑張ろう。,Don't give up and work hard until the end.
電話はどこにございますか。,Where is the phone?
二階にございます。,It's on the second floor.
失礼ですが、山田先生ではございませんか。,"Excuse me, but isn't this Dr. Yamada?"
はい、山田でございますが、どちら様ですか。,"Yes, I'm Yamada, who is this?"
ありがとうございます。,Thank you very much.
部屋に入ってもいいですか。どうぞお入りください,May I enter the room? Please come in.
喫茶店に入って、コーヒーでも飲みましょう。,Let's go to the coffee shop and have a cup of coffee.
時間があれば、スポーツクラブに入りたい。,"If you have time, I'd like to join the sports club."
この箱に何が入っているの。,What's in this box?
この野球場は三万人入れます。,This baseball stadium can hold thirty thousand people.
映画は何時に始まりますか。,What time does the movie start?
会議はもう始まっています。,The meeting has already started.
野球の試合は今始まったところです。,The baseball game has just started.
授業が始まる前に、先生に質問しました。,"Before the class started, I asked the teacher a question."
済んでしまった事を後悔しても始まらない。,You can't start regretting what you've already done.
勉強を始めましょう。,Let's start studying.
十時に会議を始めます。,We will begin the meeting at ten o'clock.
何から始めましょうか。,Where shall we start?
貿易の仕事を始めようと思っています。,I'm going to start working on my trade.
本を読み始めると、時間を忘れてしまう。,"When I start reading a book, I lose track of time."
体重を量りました。,I weighed myself.
寒気がするから、熱を測ってみた。,"I feel cold, so I took my temperature."
小包の重さを量っていただけませんか。,Could you please weigh the parcel?
長さを測る。,Measure the length.
平和的な解決を図るべきだ。,We should try to settle this matter peacefully.
このかばんを部屋に運んでください。,Please carry this bag to my room.
引っ越しの荷物を運ぶのを友達に手伝ってもらった。,I asked my friend to help me carry my belongings to the new house.
交通事故でけがをした人が救急車で病院へ運ばれた。,A person injured in a traffic accident was taken to the hospital by ambulance.
この大きい箱は一人で運べそうもない。,I don't think I can carry this big box by myself.
姉と買い物に行って、重い荷物を運ばされた。,I went shopping with my sister and she made me carry a heavy load.
今日、彼女は新しいスニーカーを履いています。,"Today, she is wearing a new pair of sneakers."
この靴を履いてみてもいいですか。,Can I try on these shoes?
気分が悪くて、吐いてしまいました。,I felt sick and threw up.
息を吸って、ゆっくり吐いてください。,Please breathe in and breathe out slowly.
床をほうきで掃いた。,I swept the floor with a broom.
ジョンは日本語が話せます。,John can speak Japanese.
すみませんが、もう少しゆっくり話していただけませんか。,"I'm sorry, but could you please speak a little more slowly?"
山田さんとは話したことがありません。,I've never talked to Mr. Yamada before.
ごめんなさい。今仕事で手が離せません。,I'm sorry. I'm busy with work.
この公園で犬を放してはいけません。,You can't let your dog loose in this park.
毎月、月末に家賃を払います。,I pay my rent at the end of every month.
カードで払ってもいいですか。,Can I pay by credit card?
この店の代金は私に払わせてください。,Please let me pay for this store.
そんな高いお金、とても私には払えない。,I can't afford to pay such a high price.
運転する時、歩行者に注意を払うように。,Pay attention to pedestrians when you drive.
たぶん明日は晴れるでしょう。,It will probably be sunny tomorrow.
午後は晴れたり曇ったりでした,It was sunny and cloudy this afternoon.
霧が晴れそうです。,The fog is going to clear.
彼は殺人の容疑が晴れた。,He was cleared of murder.
けがをした足首が腫れている。,The injured ankle is swollen.
封筒に切手をはった。,I put a stamp on the envelope.
壁にポスターがはってある。,There are posters on the wall.
私たちは河原でテントを張った。,We pitched our tent on the riverbank.
ベランダにロープを張って、洗濯物を干した。,I hung a rope on the balcony to dry the laundry.
公園の池に氷が張っている。,The pond in the park was covered with ice.
時間がなかったから、駅まで走りました。,"We didn't have much time, so we ran to the station."
廊下を走るな。,Don't run in the corridor.
足が痛くて、走れない。,"My feet hurt, I can't run."
学生の時、よく先生に校庭を走らされた。,"When I was a student, my teacher used to make me run in the schoolyard."
駅からその競技場までバスが走っています。,There is a bus that runs from the station to that stadium.
田中さんは九時から五時まで働きます。,Mr. Tanaka works from nine o'clock until five o'clock.
鈴木さんは貿易会社で働いています。,Mr. Suzuki works at a trading company.
彼は働きながら大学を出た。,He graduated from college while working.
今日はどうも頭が働かない。,I can't seem to get my head around it today.
彼らは銀行強盗を働いて、逮捕された。,They were arrested for robbing a bank.
今どんなファッションがはやっていますか。,What kind of fashion is popular now?
黒い服が、はやっています。,Black clothes are very popular.
その歌は、二十年ぐらい前にとてもはやった。,That song was very popular about twenty years ago.
今年の冬はインフルエンザがはやるそうだ。,I heard that the flu is going to be popular this winter.
あのレストランは、とてもはやっています。,That restaurant is very popular.
出費を減らさなければならない。,We have to reduce our expenses.
経営不振で給料が減らされました。,My salary has been reduced due to poor management.
どの会社も経費を減らす努力をしている。,All companies are making efforts to reduce their expenses.
う少し体重を減らせと医者に言われました。,I was told by my doctor to lose some weight.
子供達は、おなかを減らして帰ってきた。,The children came home with empty stomachs.
野生動物の数が減っている。,The number of wild animals is decreasing.
去年と比べて、売り上げが15パーセント減った。,Sales are down 15 percent compared to last year.
彼女は体重が五キロ減りました。,She has lost five kilos in weight.
買い物しすぎて、貯金が減ってしまった。,She shopped so much that her savings were depleted.
腹が減った。,I'm hungry.
このドアは押さないで、引いてください。,"Don't push this door, please pull it."
店の人はその値段から5パーセント引いてくれた。,The shopkeeper gave me five percent off that price.
今風邪をひいています。,I'm catching a cold now.
意味が分からなければ、辞書を引きなさい。,"If you don't know what it means, consult a dictionary."
ピアノもギターも少し弾けます。,I can play the piano and a little guitar.
ごみを拾ってください。,Please pick up the trash.
男の子は道で財布を拾った。,The boy picked up his wallet on the street.
どこかでタクシーを拾って帰ろう。,Let's get a cab somewhere and go home.
途中で友達を拾って、空港へ向かった。,He picked up a friend on the way and headed for the airport.
失業中に、社長に拾われた。,"While unemployed, he was picked up by the boss."
先生は生徒達を褒めた。,The teacher praised the students.
彼の努力を褒めてあげたい。,I want to praise him for his efforts.
お母さんに褒められて、その子は嬉しそうだった。,The boy was happy when his mother praised him.
彼女はよくあなたの優しさを褒めています。,She often praises you for your kindness.
それはあまり褒められたことじゃない。,That's not much of a compliment.
祖父は九十二歳まで生きた。,My grandfather lived to be ninety-two years old.
この魚はまだ生きています。,This fish is still alive.
彼は生きるために一生懸命働いた。,He worked very hard to survive.
合格の発表があるまで、生きた心地がしない。,I won't feel like I've lived until I hear the announcement of my acceptance.
上着を無地にしたほうが、そのシャツが生きると思います。,"I think you should make your jacket plain, so that the shirt will live."
明日九時に学校へ行きます。,I'm going to school tomorrow at nine o'clock.
京都へ行ったことがありますか。,Have you ever been to Kyoto?
この道をまっすぐ行ってください。,Please go straight down this road.
忙しくて、買い物に行けません。,I'm too busy to go shopping.
明日天気が良ければ、公園に行きましょう。,"If the weather is fine tomorrow, let's go to the park."
毎年正月に神社で一年の幸せを祈ります。,"Every New Year's Day, we go to the shrine to pray for the year's happiness."
母は子供の病気の回復を祈った。,Mother prayed for the child's recovery from his illness.
彼の健闘を祈って、乾杯しましょう。,Let's make a toast to his good health.
うまくいくように祈ってください。,Pray for things to go well.
みんな目を閉じて、死者の冥福を祈った。,Everyone closed their eyes and prayed for the souls of the dead.
先生がいらっしゃったら、これを渡していただけませんか。,"If the doctor is here, could you please give this to him?"
社長は来週ロンドンへいらっしゃるでしょう,The president will be in London next week.
山田さん、いらっしゃいますか。はい、私ですが。,"Yamada-san, are you here? Yes, it's me."
鈴木先生は息子さんが二人いらっしゃるそうです,I heard that Dr. Suzuki has two sons.
明日はお宅にいらっしゃいますか。,Are you coming to my house tomorrow?
コーヒーに砂糖かミルクを入れますか,Would you like sugar or milk in your coffee?
テレビのスイッチを入れてください。,Please turn on the TV.
切符は上着のポケットに入れてある。,I put the ticket in my jacket pocket.
社員は私を入れて、二十五人です。,"There are twenty-five employees, including me."
お茶をお入れしましょうか。,Would you like me to make you some tea?
あそこに森さんがいます。,Mr. Mori is over there.
東京にどのぐらいいる予定ですか。,How long are you planning to stay in Tokyo?
私は妹が一人います。,I have a younger sister.
今何をしていますか。,What are you doing now?
家を出た時、雨が降っていた。,"When I left home, it was raining."
新しい靴が要ります。,I need new shoes.
宿題をするのに辞書が要る。,I need a dictionary to do my homework.
ほかに何か要る物がありますか。いいえ、もう何も要 りません。,"Do you need anything else? No, I don't need anything else."
その本が要らなければ、私にくれませんか。,"If you don't need the book, can you give it to me?"
引っ越しする時、要らない物を捨てた。,"When I moved, I threw away some things I didn't need."
駅へ急ごう。,Let's hurry to the station.
急がないと、間に合わない。,"If we don't hurry, we won't make it in time."
彼女は急いでうちに帰った。,She hurried back to her house.
仕事を急いだほうがいいです。,You'd better hurry up with your work.
そんなに急がせないでください。,Please don't make me hurry so much.
いかがいたしましょうか。,How may I help you?
お手伝いいたしましょう。,Let me help you.
後程またご連絡いたします。,I'll call you back later.
お待たせいたしました。,Thank you for your patience.
よろしくお願いいたします。,I look forward to working with you.
鈴木さんはよく冗談を言います。,Mr. Suzuki often makes jokes.
すみませんが、もう一度言ってください。,"I'm sorry, but please say it again."
“Cherry blossom” は日本語で何と言いますか。“桜”と言います。,"How do you say ""cherry blossom"" in Japanese? ""It's called ""cherry blossom."
私は佐藤と申します。どうぞよろしく。,My name is Sato. Thank you very much.
先生は何とおっしゃいましたか。,What did the teacher say?
明日テストがあるとおっしゃいました。,He said we have a test tomorrow.
私達は友達の誕生日を祝いました。,We celebrated my friend's birthday.
ご結婚をお祝い申し上げます。,I would like to congratulate you on your marriage.
チームの優勝を祝って、乾杯しましょう。,Let's drink a toast to our team's victory.
みんなが私の病気の回復を祝ってくれました。,Everyone congratulated me on my recovery from my illness.
彼の優勝を祝うために、友達がみんな集まりました。,All my friends gathered to celebrate his victory.
昨日五時にうちに帰りました。,I returned home at five o'clock yesterday.
鈴木さんは来月アメリカから帰って来ます。,Mr. Suzuki is coming back from America next month.
社長はもうお宅へお帰りになりました。,The president has already gone home.
気分が悪いので、帰ってもいいですか。,"I don't feel well, can I go home?"
電車に忘れたかばんが返って来ました。,"My bag, which I left on the train, has been returned to me."
旅行の行き先を京都から金沢に変えました。,I changed the destination of my trip from Kyoto to Kanazawa.
髪型を変えようと思っています。,I'm thinking of changing my hairstyle.
円札を百円玉に換えてもらった。,I had a yen bill exchanged for a 100 yen coin.
すみませんが、席を換えていただけませんか。,"I'm sorry, but could you please change my seat?"
うまくいかなかったら、やり方を変えてみよう。,"If it doesn't work, let's change the way we do things."
花瓶の水を替える。,Change the water in the vase.
書面をもって挨拶に代える。,Instead of a written greeting.
明日傘を返します。,I'll return the umbrella tomorrow.
CDはいつお返しすればいいですか。,When should I return the CD?
来週返してください。,Please return it next week.
読んだ本は元の所に返してください。,Please return the books you have read to their original place.
友達に借りたお金を返さなければならない。,I have to return the money I borrowed from my friend.
うちから学校まで三十分ぐらいかかります。,It takes about thirty minutes from my house to school.
この自転車を修理するのにいくらぐらいかかりますか。,How much does it cost to repair this bicycle?
壁にきれいな絵がかかっている。,There is a beautiful picture hanging on the wall.
会議室に鍵がかかっていて、入れません。,I can't get into the meeting room because it's locked.
彼女はインフルエンザにかかって、会社を休んでいる。,She has the flu and is absent from work.
コートをハンガーに掛けました。,I put my coat on a hanger.
田中さんに電話を掛けました。,I made a phone call to Mr. Tanaka.
ドアに鍵を掛けるのを忘れないでください。,Please don't forget to lock the door.
どうぞこちらのいすにお掛けください。,Please have a seat in this chair.
彼はその馬に一万円をかけた。,He spent ten thousand yen on the horse.
イギリス人の友達に手紙を書きました。,I wrote a letter to my English friend.
漢字がいくつぐらい書けますか。,How many kanji can you write?
あの看板に何と書いてありますか。,What does that sign say?
彼は新宿の地図をかいてくれた。,He drew me a map of Shinjuku.
彼女の趣味は絵をかくことです。,Her hobby is to draw pictures.
彼は木陰に隠れた。,He hid behind a tree.
富士山は雲に隠れてしまって、見えなかった。,Mt. Fuji was hidden by the clouds and could not be seen.
子供達の隠れた才能を引き出したい。,I want to bring out the hidden talents of children.
その学生は教師に隠れてカンニングをした。,The student hid from the teacher and cheated.
調査が進むと、隠れていた問題が明らかになった。,"As the investigation progressed, the hidden problem became apparent."
彼は誰にも見つけられないように、お金を隠した。,He hid the money so that no one could find it.
彼女は恥ずかしさのあまり、両手で顔を隠してしまった。,She was so embarrassed that she covered her face with her hands.
子供達は夏休みが始まる喜びを隠せないようだった。,The children couldn't hide their joy at the start of summer vacation.
彼らは事実を隠そうとした。,They tried to hide the fact.
隠さないで、本当の事を言って欲しい。,"Don't hide it, just tell us the truth."
ここに荷物を置いても構いませんか。,Do you mind if I leave my luggage here?
コーヒーと紅茶とどちらがよろしいですか。どちらでも構いません。,Would you like coffee or tea? I don't care which.
もう帰らなければ。そうですか。お構いもしませんで。,I have to go home. I see. Don't mind me.
私に構わないで、先に帰ってください。,Please leave me alone and go on your way.
彼女はあまり身なりに構わない。,She doesn't care much about her appearance.
もう一度考えてみます。,I'll think about it again.
この問題について、どうお考えになりますか。,What do you think about this issue?
彼がうそをついたとは考えられない。,I can't imagine that he lied to me.
ジョンは日本で働く事を考えている。,John is thinking about working in Japan.
その件はもう少し考えさせてくれませんか。,Can you let me think about that some more?
今日の試験はいつもより難しく感じた。,Today's exam seemed more difficult than usual.
彼は肩に激しい痛みを感じました。,He felt a severe pain in his shoulder.
彼の態度には誠意が感じられない。,I can't sense any sincerity in his attitude.
誰かが近づいてくるのを感じて、後ろを振り返った。,He felt someone approaching and turned around.
その選手のプレーは年を感じさせない、素晴らしいものだった。,"The player's play was excellent, showing no signs of age."
友達からお金を借りました。,I borrowed some money from a friend.
この図書館では一度に十冊の本が借りられます。,You can borrow ten books at a time from this library.
電話をお借りしてもいいですか。,May I borrow your phone?
彼は東京でアパートを借りている。,He rents an apartment in Tokyo.
猫の手も借りたいくらい忙しい。,I'm so busy I need a cat's paw.
友達にお金を貸しました。,I lent some money to a friend.
鉛筆を貸していただけませんか。,Can I borrow your pencil?
ちょっと手を貸してください。,Please give me a hand.
彼女は友達の忠告に耳を貸さなかった。,She did not listen to her friend's advice.
よろしかったら、この辞書をお貸ししましょうか。,"If you don't mind, I'd like to lend you this dictionary."
机の上を片付けます。,I'll clean up the desk.
コップや皿を片付けてくれませんか。,Could you please put away the cups and plates?
この問題をできるだけ早く片付けたい。,I want to get this matter over with as soon as possible.
五時までに仕事を片付けなければなりません。,I have to finish my work by five o'clock.
あまりにも汚かったから、弟に部屋を片付けさせた。,It was so dirty that I made my brother clean up his room.
彼はテニスの試合に勝った。,He won the tennis match.
四対三で彼らのチームが勝ちました。,Their team won by four to three.
今、どっちが勝っていますか。,Who is winning now?
どうしてもチェスで父に勝てない。,I just can't beat my father at chess.
この試合に勝て。絶対に負けるな。,Win this game. Don't lose.
秋葉原でパソコンを買いました。,I bought a computer in Akihabara.
新幹線の切符はどこで買えますか。,Where can I buy a ticket for the Shinkansen?
新しい車を買おうと思っています。,I'm thinking of buying a new car.
日本語の辞書を買わなければなりません。,I have to buy a Japanese dictionary.
彼女は猫を一匹飼っています。,She has a cat.
ぬれたシャツを乾かしました。,I dried my wet shirt.
いつもドライヤーで髪を乾かします。,I always use a hair dryer to dry my hair.
ここで靴を乾かしてもいいです。,You can dry your shoes here.
シャツをハンガーに掛けて乾かさないと、しわになります。,"If you don't hang your shirt on a hanger to dry, it will get wrinkled."
天気のいい日に布団を日に当てて乾かします。,Dry your bedding in the sun on a sunny day.
洗濯物は乾きましたか。いいえ、まだ乾いていません。,"Is the laundry dry? No, it's not dry yet."
そのシャツはすぐ乾くでしょう。,That shirt will be dry soon.
ペンキが乾いていないから、その壁に触らないでください。,Don't touch that wall because the paint hasn't dried yet.
のどが渇いた。,I'm thirsty.
教室が二階から四階に変わりました。,The classroom has changed from the second floor to the fourth floor.
電話番号が変わったことを友達に知らせた。,I let my friends know that my phone number had changed.
席を替わってくれませんか。,Can you change my seat?
都合が悪かったので、バイトをほかの人に代わってもらった。,"It was not convenient for me, so I asked someone else to take my part-time job."
あの人はちょっと変わっている。,That person is a bit strange.
財布にいくら入っているか、お金を数えました。,I counted the money in my wallet to see how much was in it.
冷蔵庫に何本ビールがあるか、数えてください。,Count how many beers are in the refrigerator.
数えきれないほど大勢人がいました。,There were more people than I could count.
これは彼の代表作の一つに数えられている。,This is counted as one of his masterpieces.
日本語はものによって数え方が違います。,The Japanese language has a different way of counting things.
部屋を出る時、電気を消してください。,Please turn off the light when you leave the room.
たばこの火を消すのを忘れないでください。,Don't forget to put out the cigarette.
これは消しゴムで消せません。,You can't put this out with an eraser.
テレビを消してもいいですか。,Can I turn off the TV?
母にゲームのデータを消されてしまった。,My mother has erased my game data.
このライトは自動的に消える。,This light will turn off automatically.
家の前に止めておいた自転車が消えた。,The bicycle I parked in front of my house has gone out.
ろうそくの火が消えそうです。,My candle is about to go out.
パソコンの故障で、データが消えてしまった。,My computer broke down and my data is gone.
薬を飲んでも、歯の痛みは消えなかった。,The toothache didn't go away even after taking the medicine.
もしもし、聞こえますか,"Hello, can you hear me?"
車の音が聞こえます。,I can hear the car.
子供達が遊んでいるのが聞こえた。,I hear children playing.
変に聞こえるかもしれないけれど、本当の話です,"I know it sounds strange, but it's true."
よく聞こえないので、もっと大きい声で話してください。,"I can't hear you very well, so please speak louder."
部屋でラジオを聞きました。,I listened to the radio in my room.
分からなかったら、先生に聞いてください。,"If you don't understand, please ask the teacher."
おまわりさんに道を聞いてみましょう。,Let's ask the policeman for directions.
音楽を聴きながら、コーヒーを飲みました。,We drank coffee while listening to music.
この薬は風邪に効く。,This medicine is good for colds.
旅行の日程が決まりました。,The schedule for the trip has been decided.
小林さんは大阪に転勤することが決まった。,It was decided that Mr. Kobayashi would be transferred to Osaka.
夏休みにどこへ行くか、まだ決まっていない。,We haven't decided yet where he will go for his summer vacation.
彼は来るに決まっているよ。,"He's bound to come, you know."
彼は仕事が終わると、決まってこの飲み屋に寄る。,He will definitely stop by this bar after work.
待ち合わせの場所と時間を決めましょう。,Let's decide where and when to meet.
どの大学に行くか決めなければなりません。,You have to decide which university you want to go to.
どこに引っ越すかまだ決めていません。,I haven't decided where I'm going to move yet.
彼女は来年イギリスへ留学することに決めている。,She has decided to go to England next year to study.
決められた規則を守ってください。,Please follow the established rules.
ひもが切れてしまった。,The cord has been cut.
話し中に電話が切れた。,The phone went dead while I was talking.
パスポートの期限がもうすぐ切れます。,My passport is about to expire.
このナイフはよく切れる。,This knife cuts well.
友達にバカにされて、彼はキレてしまった。,His friend made fun of him and he lost his temper.
はさみでひもを切りました。,I cut the string with the scissors.
ナイフで指を切ってしまいました。,I cut my finger with the knife.
パソコンを使い終わったら、電源を切ってください。,Please turn off your computer when you are finished using it.
彼とはもう手を切りました。,I've already cut ties with him.
みんな疲れ切っています。,Everyone is exhausted.
コートを着ました。,I put on my coat.
彼女はいつもおしゃれな服を着ている。,She always wears fashionable clothes.
このジャケットを着てみてもいいですか。 どうぞお召しになってみてください。,Can I try on this jacket? Please try it on.
太ったので、このワイシャツはもう着られなくなった。,"I gained weight, so I can no longer wear this shirt."
彼は無実の罪を着せられた。,He was accused of a crime he did not commit.
この山を越えれば、海が見えるでしょう。,"If you go over this mountain, you will see the sea."
応募者は千人を超えました。,More than a thousand people applied.
彼はもう八十歳を超えているだろう。,He is probably over eighty years old now.
ボールはフェンスを越えて、遠くへ飛んで行った。,The ball flew over the fence and into the distance.
この辺りの土地は肥えている。,The land around here is fertile.
タイヤがパンクして、困っています。,My tire is flat and I'm in trouble.
彼は経済的に困っている。,He is in financial trouble.
困ったなあ。道に迷ってしまった。,I'm in trouble. I've lost my way.
どう答えたらいいか分からなくて、困りました。,I was having trouble knowing how to answer.
その子は答えにくい質問をして、親を困らせた。,The boy pestered his parents with questions that were difficult to answer.
東京の電車はいつも込んでいますね。,"Trains in Tokyo are always crowded, aren't they?"
その美術館はあまり込んでいなかった。,The museum was not so crowded.
夕方のラッシュで道が込まないうちに帰りましょう。,Let's go home before the streets are crowded with the evening rush.
この欄に名前を書き込んでください。,Please write your name in this box.
彼はプールに飛び込んで、泳ぎ始めた。,He jumped into the pool and began to swim.
犯人はナイフで彼を殺した。,The murderer killed him with a knife.
庭の虫を殺すために、薬を買ってきた。,I bought some medicine to kill the bugs in my garden.
男性が部屋で殺されているのが発見された。,A man was found murdered in his room.
彼女は虫一匹殺せないほど優しい人だ。,She is so kind that she can't kill a single bug.
約束を破ったら、彼女に殺されそうだ。,"If I break my promise, she's going to kill me."
三万人を超す人々が球場に集まった。,More than thirty thousand people gathered at the stadium.
隣の家に若い家族が越してきた。,A young family has moved into the house next door.
厳しい冬を越さなければなりません。,We have to survive the harsh winter.
気温は四十度を超しました。,The temperature was over forty degrees Celsius.
田中様、フロントまでお越しください。,"Mr. Tanaka, please come to the front desk."
日本語で答えてください。,Please answer the question in Japanese.
あの質問に答えられなかった。,I couldn't answer that question.
ドアをノックしたが、誰も答えなかった。,"I knocked on the door, but no one answered."
試験は問題をよく読んでから答えなさい。,Read the questions carefully before answering the test.
そのチームはファンの期待にこたえて優勝した。,"The team won the championship, meeting the fans' expectations."
都合が悪くて、友達の誘いを断った,I turned down my friend's invitation because it was inconvenient.
彼女にデートを断られました。,My girlfriend refused to go on a date with me.
残念ですが、その仕事はお断りします。,"I'm sorry, but I'm going to have to decline that job."
彼女の頼みでは断れない。,I can't say no when she asks me to.
辞める時は一か月前に断ってください。,"When you quit, please say no a month in advance."
時計が壊れました。,My watch is broken.
このテレビは壊れています。,This TV is broken.
壊れた電話機を修理してもらった。,I had a broken telephone repaired.
この機械は壊れやすいので、気を付けて運んでください。,"This machine is fragile, so please carry it with care."
そのいすは壊れそうです。,That chair is going to break.
このいすを壊したのは誰ですか。,Who broke this chair?
携帯電話をお風呂に落として、壊してしまった。,I dropped my cell phone in the bath and broke it.
弟にパソコンを壊されました。,My brother broke my computer.
働きすぎて、体を壊してしまいました。,I worked too hard and broke my body.
食べすぎて、おなかを壊さないようにしてください。,Please don't eat too much and get sick to your stomach.
昨日は一日中曇っていました。,It was cloudy all day yesterday.
天気予報によると、明日は午後から曇るそうだ。,"According to the weather forecast, it will be cloudy tomorrow afternoon."
その地方は、冬は曇った日が多い。,That region has a lot of cloudy days in winter.
ラーメンを食べたら、眼鏡が曇ってしまいました。 ,I ate some ramen noodles and my glasses fogged up. 
彼の顔は、不安で曇っていた。,His face was clouded with anxiety.
東京とニューヨークを比べると、どっちが寒いですか。,"If you compare Tokyo and New York, which one is colder?"
誰が一番背が高いか比べてみましょう。,Let's compare who is the tallest.
今年は去年に比べて雪が多いです。,There is more snow this year compared to last year.
前回と比べれば、今回のテストは簡単だ。,"Compared to last time, this test is easier."
富士山の美しさは、ほかの山と比べられない。,The beauty of Mt. Fuji cannot be compared to other mountains.
母は私にプレゼントをくれました。,My mother gave me a present.
先生は私に本を買ってくれました。,The teacher bought me a book.
この問題が分からないんですが、教えてくれませんか。,"I don't understand this problem, can you help me?"
ちょっと暑いんだけど、窓を開けてくれない。,"It's a little hot, but you won't open the window."
父は私に車を貸してくれなかった。,My father wouldn't lend me his car.
日が暮れる前に帰ろう。,Let's go home before dark.
明日何時に来ますか。,What time will you be here tomorrow?
バスはまだ来ていません。,The bus hasn't come yet.
日本へ日本語の勉強をしに来ました。,I've come to Japan to study Japanese.
土曜日にパーティーがあるんですが、来られますか。,"There's a party on Saturday, can you come?"
先生は学生に辞書を持って来させました。,The teacher asked the students to bring a dictionary.
その鍋に少し水を加えてください。,Please add a little water to that pot.
この料理は、もう少し塩を加えたほうがいいと思う。,I think you should add a little more salt to this dish.
彼を仲間に加えたらどうですか。,Why don't you add him to your group?
買い物の合計金額に消費税を加えると、いくらになりますか。,"How much is the total amount of your shopping, plus the sales tax?"
猫が魚をくわえて、逃げて行った。,The cat took the fish in its mouth and ran away.
道を間違えました。,I took a wrong turn.
ごめんなさい。電話番号を間違えてしまいました。,I'm sorry. I got the wrong phone number.
間違えて、隣の部屋に入ってしまった。,I went into the next room by mistake.
傘を間違えないように、名前を書いておいた。,I wrote my name on the umbrella so that I wouldn't be mistaken for my brother.
私はよく兄と間違えられます。,I'm often mistaken for my brother.
この手紙は住所が間違っている。,This letter has the wrong address.
試験の答えを二つ間違った。,I got two answers wrong on the test.
間違って、この本を持って来てしまった。,I brought this book by mistake.
間違った電車に乗ってしまった。,I got on the wrong train.
次の交差点を右に曲がってください。,Please turn right at the next intersection.
ネクタイが曲がっていますよ。,Your tie is crooked.
この定規は少し曲がっているようです。,This ruler seems to be a little crooked.
左へ曲がると、公園がありますよ。,Turn left and you'll find a park.
彼は曲がったことが嫌いだ。,He hates crookedness.
針金を曲げて、籠を作った。,He bent a wire and made a basket.
けがをしたので、足が曲げられなくなった。,I got injured and I can't bend my legs anymore.
傘の骨を曲げてしまった。,I bent the bones of my umbrella.
この書類は折り曲げないで保管してください。,Please keep this document unbent.
どうしても彼は意見を曲げようとしない。,"For the life of him, he refuses to bend his opinion."
この仕事は私に任せてください。,Please leave this job to me.
旅行の間、犬の世話を妹に任せた。,I left my sister to look after the dog while I traveled.
彼はまだ経験がないから、この仕事は任せられない。,"He doesn't have much experience yet, so I can't leave this job to him."
どうやってそこへ行くか、あなたにお任せします。,I'll leave it to you to figure out how to get there.
その件は山田さんに任せられている。,Mr. Yamada has been entrusted with that matter.
テニスの試合で彼に負けてしまった。,I lost to him in a tennis match.
そのチームは四対三で相手チームに負けました。,His team lost to the other team by four to three.
次の試合には負けないように頑張ろう。,Let's try not to lose the next match.
彼女は誘惑に負けて、その指輪を買ってしまった。,She was tempted and bought the ring.
値段をまけていただけませんか。,Can you give me a discount on the price?
足にけがをしたので、包帯を巻いた。,"He had an injury on his leg, so he put a bandage on it."
彼女はスカーフを首に巻いている。,She is wearing a scarf around her neck.
彼の才能には舌を巻いた。,I was amazed at his talent.
庭に花の種をまいた。,I sowed some flower seeds in the garden.
芝生に水をまいてください。,Water the lawn.
彼らは国を守るために戦った。,They fought to defend their country.
彼はいつも約束を守ります。,He always keeps his promises.
山田さんはいつも時間を守らなくて、困ります。,"Yamada is always on time, and that bothers me."
レポート提出の締め切りは絶対に守ってください。,Please be sure to meet the deadline for submitting reports.
開発から自然を守ろう。,Let's protect nature from development.
終電に間に合わなかった。,I missed the last train.
六時の飛行機に間に合うように急ぎましょう。,Let's hurry up so that we can catch the plane at six o'clock.
一時間目の授業に間に合いそうもない。,I'm not going to be able to make it to my first period class.
約束の時間に間に合わなければ、彼女は怒るだろう。,She will be angry if we don't make it to the appointment on time.
あと五千円あれば、十分間に合います。,"If I have another five thousand yen, I can make it in time."
ちょっと待ってください。,Please wait a minute.
月曜日の五時にお待ちしております。,I'll be waiting for you at five o'clock on Monday.
もうこれ以上待てません。,I can't wait any longer.
友達から返事が来るのを待っています。,I'm waiting for a reply from my friend.
彼女に一時間も待たされました。,She made me wait for an hour.
扇風機が回っていて、涼しい。,"The fan is running, and it's cool."
京都のお寺を見て回るにはバスが便利です。,The bus is a convenient way to see the temples in Kyoto.
歌う順番が回ってきた。,It was my turn to sing.
子供達が公園を走り回っています。,The children are running around the park.
忙しくて、目が回りそうだ。,"I'm so busy, I feel giddy."
その瓶の蓋は回して開けます。,The lid of that bottle is opened by turning it.
このつまみを右に回せば、お湯が出ます。,"If you turn this knob to the right, hot water will come out."
砂糖を回してくれませんか。,Could you please turn the sugar?
彼は別の課に回された。,He was sent to another section.
その雑誌を読み終わったら、私に回してください。,"When you finish reading that magazine, please turn it to me."
