Words,Reading,Meaning
男の子,おとこのこ,boy
好き,すき,liking
医者,いしゃ,doctor
年,とし,year
レストラン,レストラン,restaurant
山,やま,mountain
向こう,むこう,opposite side
九日,ここのか,the ninth day of the month
聞く,きく,to hear
なる,なる,to become
鳴く,なく,"to sing, to chirp"
低い,ひくい,low
買う,かう,to buy
九つ,ここのつ,nine
売る,うる,to sell
金曜日,きんようび,Friday
危ない,あぶない,dangerous
体,からだ,body
銀行,ぎんこう,bank
よく,よく,nicely
よい,よい,good
ください,ください,please give me
降る,ふる,to precipitate
明るい,あかるい,bright
下,した,below
次,つぎ,next
建物,たてもの,building
はがき,はがき,postcard
いる,いる,to need
時計,とけい,watch
ニュース,ニュース,news
財布,さいふ,purse
西,にし,west
どの,どの,which
大切,たいせつ,important
会社,かいしゃ,company
嫌い,きらい,dislike
春,はる,spring
箱,はこ,box
洋服,ようふく,Western-style clothes
勉強,べんきょう,study
写真,しゃしん,photograph
大人,おとな,adult
大丈夫,だいじょうぶ,safe
声,こえ,voice
あなた,あなた,you
起きる,おきる,to get up
便利,べんり,convenient
大勢,おおぜい,many
乗る,のる,to get on
会う,あう,to meet
六,ろく,six
六つ,むっつ,six
ポスト,ポスト,post
ある,ある,to be
立派,りっぱ,splendid
返す,かえす,to return
辺,へん,area
熱い,あつい,hot (thing)
汚い,きたない,dirty
朝,あさ,morning
狭い,せまい,narrow
重い,おもい,heavy
万年筆,まんねんひつ,fountain pen
猫,ねこ,cat
レコード,レコード,record
橋,はし,bridge
グラム,グラム,gram
鉛筆,えんぴつ,pencil
教室,きょうしつ,classroom
縦,たて,the vertical
傘,かさ,umbrella
もっと,もっと,(some) more
外国,がいこく,foreign country
外国人,がいこくじん,foreigner
他,ほか,other
やる,やる,to do
寝る,ねる,to lie down
ベッド,ベッド,bed
あそこ,あそこ,there
旅行,りょこう,travel
ドア,ドア,door
スポーツ,スポーツ,sport
あれ,あれ,that
広い,ひろい,spacious
雨,あめ,rain
宿題,しゅくだい,homework
地図,ちず,map
難しい,むずかしい,difficult
新聞,しんぶん,newspaper
曇り,くもり,cloudiness
いくつ,いくつ,how many?
いくら,いくら,how much?
国,くに,country
白い,しろい,white
白,しろ,white
晴れる,はれる,to clear up
晴れ,はれ,clear weather
散歩,さんぽ,walk
閉める,しめる,to close
面白い,おもしろい,interesting
右,みぎ,right
並べる,ならべる,to line up
並ぶ,ならぶ,to line up
答える,こたえる,to answer
来月,らいげつ,next month
たくさん,たくさん,a lot
わかる,わかる,to understand
窓,まど,window
ネクタイ,ネクタイ,tie
来る,くる,to come
始め,はじめ,beginning
初めて,はじめて,for the first time
静か,しずか,quiet
下手,へた,unskillful
浴びる,あびる,to dash over oneself
高い,たかい,high
一番,いちばん,number one
欲しい,ほしい,wanted
スカート,スカート,skirt
悪い,わるい,bad
寒い,さむい,cold
犬,いぬ,いぬ
耳,みみ,ear
作文,さくぶん,writing
青い,あおい,blue
百,ひゃく,One hundred
大変,たいへん,very
青,あお,blue
長い,ながい,long
飛ぶ,とぶ,to fly
暖かい,あたたかい,warm
とても,とても,very
どう,どう,how
朝ご飯,あさごはん,breakfast
咲く,さく,to bloom
開く,あく,to open
留学生,りゅうがくせい,overseas student
お弁当,おべんとう,bento
つまらない,つまらない,dull
地下鉄,ちかてつ,underground train
道,みち,road
でも,でも,but
玄関,げんかん,entranceway
知る,しる,to be aware of
きれい,きれい,pretty
まだ,まだ,as yet
新しい,あたらしい,new
奥さん,おくさん,wife
スプーン,スプーン,spoon
出口,,
でぐち,,
exit,,
N5,,
TOP 10000,,
なくす,,
to lose something; ...,,
N5,,
TOP 5000,,
茶色,,
ちゃいろ,,
light brown,,
N5,,
TOP 10000,,
若い,,
わかい,,
young; ...,,
N5,,
TOP 2500,,
お兄さん,,
おにいさん,,
older brother; ...,,
N5,,
TOP 10000,,
お金,,
おかね,,
money,,
N5,,
TOP 400,,
涼しい,,
すずしい,,
cool; ...,,
N5,,
TOP 5000,,
料理,,
りょうり,,
cooking; ...,,
N5,,
TOP 1000,,
お菓子,,
おかし,,
confections,,
N5,,
TOP 2500,,
学生,,
がくせい,,
student,,
N5,,
TOP 2500,,
牛肉,,
ぎゅうにく,,
beef,,
N5,,
TOP 10000,,
牛乳,,
ぎゅうにゅう,,
(cow's) milk,,
N5,,
TOP 5000,,
ズボン,,
trousers,,
N5,,
TOP 10000,,
セーター,,
sweater,,
N5,,
去年,,
きょねん,,
last year,,
N5,,
TOP 2500,,
古い,,
ふるい,,
old,,
N5,,
TOP 2500,,
ええ,,
yes; ...,,
N5,,
TOP 5000,,
コーヒー,,
coffee,,
N5,,
TOP 2500,,
学校,,
がっこう,,
school,,
N5,,
TOP 1000,,
北,,
きた,,
north; ...,,
N5,,
TOP 2500,,
まずい,,
unappetising; ...,,
N5,,
TOP 5000,,
出す,,
だす,,
to take out; ...,,
N5,,
TOP 200,,
閉まる,,
しまる,,
to be shut; ...,,
N5,,
TOP 10000,,
締める,,
しめる,,
to tie; ...,,
N5,,
TOP 10000,,
仕事,,
しごと,,
work; ...,,
N5,,
TOP 200,,
出る,,
でる,,
to leave; ...,,
N5,,
TOP 100,,
もう一度,,
もういちど,,
once more,,
N5,,
TOP 5000,,
角,,
かど,,
corner; ...,,
N5,,
TOP 10000,,
木曜日,,
もくようび,,
Thursday,,
N5,,
TOP 10000,,
辞書,,
じしょ,,
dictionary; ...,,
N5,,
TOP 10000,,
二つ,,
ふたつ,,
two,,
N5,,
TOP 2500,,
コート,,
coat; ...,,
N5,,
TOP 5000,,
二,,
に,,
two,,
N5,,
TOP 100,,
書く,,
かく,,
to write; ...,,
N5,,
TOP 200,,
庭,,
にわ,,
garden; ...,,
N5,,
TOP 2500,,
ご飯,,
ごはん,,
cooked rice; ...,,
N5,,
TOP 2500,,
覚える,,
おぼえる,,
to memorize; ...,,
N5,,
TOP 1000,,
木,,
き,,
tree; ...,,
N5,,
TOP 1000,,
服,,
ふく,,
clothes; ...,,
N5,,
TOP 2500,,
走る,,
はしる,,
to run; ...,,
N5,,
TOP 1000,,
自分,,
じぶん,,
myself; ...,,
N5,,
TOP 100,,
薄い,,
うすい,,
thin; ...,,
N5,,
TOP 2500,,
空,,
そら,,
sky; ...,,
N5,,
TOP 2500,,
暑い,,
あつい,,
hot,,
N5,,
TOP 2500,,
自動車,,
じどうしゃ,,
automobile,,
N5,,
TOP 2500,,
おばさん,,
aunt,,
N5,,
TOP 10000,,
誰,,
だれ,,
who,,
N5,,
TOP 2500,,
所,,
ところ,,
place; ...,,
N5,,
TOP 200,,
見る,,
みる,,
to see; ...,,
N5,,
TOP 100,,
頼む,,
たのむ,,
to request; ...,,
N5,,
TOP 2500,,
自転車,,
じてんしゃ,,
bicycle,,
N5,,
TOP 2500,,
来年,,
らいねん,,
next year,,
N5,,
TOP 2500,,
いろいろ,,
various; ...,,
N5,,
TOP 300,,
石鹸,,
せっけん,,
soap,,
N5,,
TOP 5000,,
家,,
いえ,,
house; ...,,
N5,,
TOP 400,,
撮る,,
とる,,
to take; ...,,
N5,,
TOP 1000,,
風呂,,
ふろ,,
bath; ...,,
N5,,
TOP 5000,,
脱ぐ,,
ぬぐ,,
to take off,,
N5,,
TOP 5000,,
見せる,,
みせる,,
to show,,
N5,,
TOP 1000,,
色,,
いろ,,
colour; ...,,
N5,,
TOP 400,,
嫌,,
いや,,
disagreeable,,
N5,,
TOP 2500,,
来週,,
らいしゅう,,
next week,,
N5,,
TOP 5000,,
ノート,,
notebook; ...,,
N5,,
TOP 5000,,
そうして,,
and,,
N5,,
TOP 10000,,
夏,,
なつ,,
summer,,
N5,,
TOP 500,,
歩く,,
あるく,,
to walk,,
N5,,
TOP 1000,,
遅い,,
おそい,,
slow; ...,,
N5,,
TOP 2500,,
借りる,,
かりる,,
to borrow; ...,,
N5,,
TOP 2500,,
曲がる,,
まがる,,
to bend; ...,,
N5,,
TOP 10000,,
夏休み,,
なつやすみ,,
summer vacation,,
N5,,
TOP 5000,,
言う,,
いう,,
to say; ...,,
N5,,
TOP 100,,
池,,
いけ,,
pond,,
N5,,
TOP 5000,,
メートル,,
metre; ...,,
N5,,
TOP 5000,,
言葉,,
ことば,,
language; ...,,
N5,,
TOP 400,,
どうも,,
thanks; ...,,
N5,,
TOP 5000,,
置く,,
おく,,
to put; ...,,
N5,,
TOP 500,,
車,,
くるま,,
car; ...,,
N5,,
TOP 300,,
スリッパ,,
slipper,,
N5,,
どれ,,
which; ...,,
N5,,
TOP 5000,,
交差点,,
こうさてん,,
crossing,,
N5,,
TOP 10000,,
全部,,
ぜんぶ,,
all,,
N5,,
TOP 2500,,
砂糖,,
さとう,,
sugar,,
N5,,
TOP 5000,,
歌,,
うた,,
song; ...,,
N5,,
TOP 2500,,
番号,,
ばんごう,,
number,,
N5,,
TOP 2500,,
隣,,
となり,,
neighbor,,
N5,,
TOP 2500,,
豚肉,,
ぶたにく,,
pork,,
N5,,
TOP 10000,,
果物,,
くだもの,,
fruit,,
N5,,
TOP 5000,,
シャツ,,
shirt; ...,,
N5,,
TOP 2500,,
呼ぶ,,
よぶ,,
to call out (to); ...,,
N5,,
TOP 1000,,
人,,
ひと,,
man; ...,,
N5,,
TOP 100,,
まっすぐ,,
straight (ahead); ...,,
N5,,
TOP 5000,,
丈夫,,
じょうぶ,,
healthy,,
N5,,
TOP 10000,,
晩,,
ばん,,
evening; ...,,
N5,,
TOP 10000,,
上着,,
うわぎ,,
coat,,
N5,,
お父さん,,
おとうさん,,
father,,
N5,,
TOP 5000,,
消える,,
きえる,,
to go out,,
N5,,
TOP 2500,,
フィルム,,
film,,
N5,,
TOP 5000,,
お茶,,
おちゃ,,
tea; ...,,
N5,,
TOP 5000,,
差す,,
さす,,
to shine; ...,,
N5,,
TOP 10000,,
消す,,
けす,,
to erase; ...,,
N5,,
TOP 5000,,
緑,,
みどり,,
green; ...,,
N5,,
TOP 2500,,
二日,,
ふつか,,
second day of the month; ...,,
N5,,
TOP 5000,,
中,,
なか,,
inside; ...,,
N5,,
TOP 100,,
お腹,,
おなか,,
stomach,,
N5,,
TOP 2500,,
これ,,
this; ...,,
N5,,
TOP 200,,
お母さん,,
おかあさん,,
mother,,
N5,,
TOP 2500,,
お手洗い,,
おてあらい,,
toilet,,
N5,,
おまわりさん,,
police officer,,
N5,,
着る,,
きる,,
to wear; ...,,
N5,,
TOP 1000,,
使う,,
つかう,,
to use; ...,,
N5,,
TOP 100,,
生まれる,,
うまれる,,
to be born,,
N5,,
TOP 1000,,
映画館,,
えいがかん,,
movie theatre,,
N5,,
TOP 10000,,
映画,,
えいが,,
movie,,
N5,,
TOP 400,,
楽しい,,
たのしい,,
enjoyable,,
N5,,
TOP 300,,
おばあさん,,
grandmother; ...,,
N5,,
小さな,,
ちいさな,,
small,,
N5,,
TOP 1000,,
パーティ,,
party,,
N5,,
TOP 2500,,
ワイシャツ,,
shirt,,
N5,,
ナイフ,,
knife,,
N5,,
TOP 10000,,
廊下,,
ろうか,,
corridor,,
N5,,
TOP 10000,,
靴,,
くつ,,
shoes,,
N5,,
TOP 2500,,
靴下,,
くつした,,
socks,,
N5,,
TOP 10000,,
お風呂,,
おふろ,,
bath,,
N5,,
TOP 5000,,
八百屋,,
やおや,,
greengrocer,,
N5,,
八日,,
ようか,,
the eighth day of the month; ...,,
N5,,
TOP 10000,,
授業,,
じゅぎょう,,
lesson,,
N5,,
TOP 2500,,
そば,,
near; ...,,
N5,,
TOP 5000,,
女,,
おんな,,
female; ...,,
N5,,
TOP 1000,,
女の子,,
おんなのこ,,
girl; ...,,
N5,,
TOP 2500,,
箸,,
はし,,
chopsticks,,
N5,,
TOP 10000,,
テレビ,,
television; ...,,
N5,,
TOP 1000,,
七つ,,
ななつ,,
seven,,
N5,,
七,,
しち,,
seven; ...,,
N5,,
TOP 200,,
飴,,
あめ,,
(hard) candy; ...,,
N5,,
TOP 10000,,
止まる,,
とまる,,
to stop (moving); ...,,
N5,,
TOP 2500,,
三つ,,
みっつ,,
three,,
N5,,
TOP 2500,,
安い,,
やすい,,
cheap; ...,,
N5,,
TOP 400,,
死ぬ,,
しぬ,,
to die; ...,,
N5,,
TOP 2500,,
大きい,,
おおきい,,
big,,
N5,,
TOP 300,,
卵,,
たまご,,
eggs; ...,,
N5,,
TOP 2500,,
食堂,,
しょくどう,,
dining room; ...,,
N5,,
TOP 10000,,
うるさい,,
noisy; ...,,
N5,,
TOP 10000,,
お皿,,
おさら,,
plate,,
N5,,
TOP 10000,,
喫茶店,,
きっさてん,,
coffee shop,,
N5,,
TOP 10000,,
雑誌,,
ざっし,,
journal,,
N5,,
TOP 2500,,
食べ物,,
たべもの,,
food,,
N5,,
TOP 2500,,
赤い,,
あかい,,
red; ...,,
N5,,
TOP 2500,,
食べる,,
たべる,,
to eat; ...,,
N5,,
TOP 200,,
家庭,,
かてい,,
home,,
N5,,
TOP 2500,,
お姉さん,,
おねえさん,,
elder sister; ...,,
N5,,
TOP 10000,,
家族,,
かぞく,,
family,,
N5,,
TOP 500,,
左,,
ひだり,,
left,,
N5,,
TOP 2500,,
歌う,,
うたう,,
to sing; ...,,
N5,,
TOP 2500,,
友達,,
ともだち,,
friend,,
N5,,
TOP 1000,,
読む,,
よむ,,
to read; ...,,
N5,,
TOP 300,,
着く,,
つく,,
to arrive at; ...,,
N5,,
TOP 2500,,
弱い,,
よわい,,
weak,,
N5,,
TOP 2500,,
カップ,,
cup; ...,,
N5,,
TOP 2500,,
切符,,
きっぷ,,
ticket,,
N5,,
TOP 10000,,
晩御飯,,
ばんごはん,,
dinner,,
N5,,
掃除,,
そうじ,,
cleaning,,
N5,,
TOP 2500,,
疲れる,,
つかれる,,
to get tired; ...,,
N5,,
TOP 2500,,
誕生日,,
たんじょうび,,
birthday,,
N5,,
TOP 5000,,
取る,,
とる,,
to take; ...,,
N5,,
TOP 300,,
ペン,,
pen,,
N5,,
TOP 10000,,
郵便局,,
ゆうびんきょく,,
post office,,
N5,,
TOP 10000,,
弟,,
おとうと,,
younger brother; ...,,
N5,,
TOP 5000,,
切手,,
きって,,
stamp,,
N5,,
TOP 10000,,
吸う,,
すう,,
to smoke; ...,,
N5,,
TOP 5000,,
待つ,,
まつ,,
to wait; ...,,
N5,,
TOP 500,,
花,,
はな,,
flower; ...,,
N5,,
TOP 500,,
あちら,,
that way; ...,,
N5,,
TOP 10000,,
洗う,,
あらう,,
to wash; ...,,
N5,,
TOP 2500,,
赤,,
あか,,
red; ...,,
N5,,
TOP 2500,,
遊ぶ,,
あそぶ,,
to play; ...,,
N5,,
TOP 1000,,
冷たい,,
つめたい,,
cold; ...,,
N5,,
TOP 5000,,
洗濯,,
せんたく,,
washing,,
N5,,
TOP 5000,,
引く,,
ひく,,
to pull; ...,,
N5,,
TOP 2500,,
火曜日,,
かようび,,
Tuesday,,
N5,,
TOP 10000,,
一つ,,
ひとつ,,
one; ...,,
N5,,
TOP 300,,
一,,
いち,,
one; ...,,
N5,,
TOP 100,,
辛い,,
からい,,
spicy; ...,,
N5,,
本棚,,
ほんだな,,
bookshelves,,
N5,,
TOP 10000,,
かばん,,
bag,,
N5,,
TOP 5000,,
英語,,
えいご,,
English,,
N5,,
TOP 1000,,
キログラム,,
kilogram,,
N5,,
キロ,,
kilo-; ...,,
N5,,
TOP 2500,,
肉,,
にく,,
flesh; ...,,
N5,,
TOP 2500,,
キロメートル,,
kilometer,,
N5,,
泳ぐ,,
およぐ,,
to swim,,
N5,,
TOP 5000,,
天気,,
てんき,,
weather; ...,,
N5,,
TOP 2500,,
いつも,,
always; ...,,
N5,,
TOP 500,,
タクシー,,
taxi,,
N5,,
TOP 5000,,
ギター,,
guitar,,
N5,,
TOP 5000,,
早い,,
はやい,,
fast; ...,,
N5,,
TOP 400,,
川,,
かわ,,
river; ...,,
N5,,
TOP 2500,,
賑やか,,
にぎやか,,
bustling,,
N5,,
TOP 10000,,
本,,
ほん,,
book; ...,,
N5,,
TOP 200,,
アパート,,
apartment building; ...,,
N5,,
TOP 5000,,
生徒,,
せいと,,
pupil,,
N5,,
TOP 2500,,
交番,,
こうばん,,
police box; ...,,
N5,,
醤油,,
しょうゆ,,
soy sauce,,
N5,,
TOP 5000,,
六日,,
むいか,,
sixth day of the month; ...,,
N5,,
TOP 10000,,
吹く,,
ふく,,
to blow; ...,,
N5,,
TOP 5000,,
いつ,,
when,,
N5,,
TOP 2500,,
夜,,
よる,,
evening,,
N5,,
TOP 1000,,
足,,
あし,,
foot; ...,,
N5,,
TOP 500,,
プール,,
pool; ...,,
N5,,
TOP 5000,,
問題,,
もんだい,,
question; ...,,
N5,,
TOP 200,,
図書館,,
としょかん,,
library,,
N5,,
TOP 5000,,
電話,,
でんわ,,
telephone call; ...,,
N5,,
TOP 1000,,
話,,
はなし,,
talk; ...,,
N5,,
TOP 200,,
電車,,
でんしゃ,,
train,,
N5,,
TOP 2500,,
暗い,,
くらい,,
dark; ...,,
N5,,
TOP 5000,,
物,,
もの,,
thing; ...,,
N5,,
TOP 100,,
方,,
かた,,
direction; ...,,
N5,,
TOP 200,,
二十日,,
はつか,,
twentieth day of the month; ...,,
N5,,
TOP 10000,,
切る,,
きる,,
to cut; ...,,
N5,,
TOP 1000,,
ペット,,
pet; ...,,
N5,,
TOP 2500,,
二十歳,,
はたち,,
20 years old; ...,,
N5,,
甘い,,
あまい,,
sweet-tasting; ...,,
N5,,
TOP 2500,,
短い,,
みじかい,,
short,,
N5,,
TOP 2500,,
紙,,
かみ,,
paper,,
N5,,
TOP 2500,,
漢字,,
かんじ,,
Chinese characters,,
N5,,
TOP 5000,,
買い物,,
かいもの,,
shopping,,
N5,,
TOP 2500,,
有名,,
ゆうめい,,
famous; ...,,
N5,,
TOP 1000,,
飲み物,,
のみもの,,
drink,,
N5,,
TOP 5000,,
休み,,
やすみ,,
rest; ...,,
N5,,
TOP 5000,,
終わる,,
おわる,,
to finish,,
N5,,
TOP 400,,
休む,,
やすむ,,
to be absent; ...,,
N5,,
TOP 5000,,
軽い,,
かるい,,
light; ...,,
N5,,
TOP 1000,,
ページ,,
page,,
N5,,
TOP 400,,
降りる,,
おりる,,
to descend; ...,,
N5,,
TOP 2500,,
座る,,
すわる,,
to sit; ...,,
N5,,
TOP 2500,,
曇る,,
くもる,,
to get cloudy; ...,,
N5,,
私,,
わたし,,
I; ...,,
N5,,
TOP 100,,
シャワー,,
shower,,
N5,,
TOP 5000,,
電気,,
でんき,,
electricity; ...,,
N5,,
TOP 2500,,
戸,,
と,,
door; ...,,
N5,,
TOP 10000,,
警官,,
けいかん,,
police officer,,
N5,,
かわいい,,
cute; ...,,
N5,,
TOP 400,,
結構,,
けっこう,,
splendid; ...,,
N5,,
TOP 500,,
結婚,,
けっこん,,
marriage,,
N5,,
TOP 1000,,
なぜ,,
why,,
N5,,
TOP 1000,,
雪,,
ゆき,,
snow,,
N5,,
TOP 2500,,
どこ,,
where; ...,,
N5,,
TOP 1000,,
ホテル,,
hotel,,
N5,,
TOP 1000,,
何,,
なに,,
what; ...,,
N5,,
TOP 200,,
いい,,
good; ...,,
N5,,
TOP 100,,
南,,
みなみ,,
south,,
N5,,
TOP 2500,,
昼ご飯,,
ひるごはん,,
lunch,,
N5,,
TOP 10000,,
手紙,,
てがみ,,
letter,,
N5,,
TOP 5000,,
午後,,
ごご,,
afternoon,,
N5,,
TOP 2500,,
この,,
this,,
N5,,
TOP 100,,
再来年,,
さらいねん,,
year after next,,
N5,,
入口,,
いりぐち,,
entrance,,
N5,,
TOP 2500,,
荷物,,
にもつ,,
luggage; ...,,
N5,,
TOP 2500,,
二人,,
ふたり,,
two persons,,
N5,,
TOP 1000,,
歯,,
は,,
tooth,,
N5,,
TOP 2500,,
上る,,
のぼる,,
to ascend; ...,,
N5,,
TOP 2500,,
れい,,
zero,,
N5,,
TOP 2500,,
五日,,
いつか,,
the fifth day of the month; ...,,
N5,,
TOP 2500,,
上げる,,
あげる,,
to raise; ...,,
N5,,
TOP 400,,
貸す,,
かす,,
to lend; ...,,
N5,,
TOP 5000,,
頭,,
あたま,,
head; ...,,
N5,,
TOP 1000,,
など,,
et cetera; ...,,
N5,,
TOP 100,,
机,,
つくえ,,
desk,,
N5,,
TOP 5000,,
カメラ,,
camera,,
N5,,
TOP 1000,,
手,,
て,,
hand; ...,,
N5,,
TOP 300,,
こんな,,
such,,
N5,,
TOP 300,,
磨く,,
みがく,,
to polish; ...,,
N5,,
TOP 5000,,
上,,
うえ,,
above; ...,,
N5,,
TOP 200,,
店,,
みせ,,
store,,
N5,,
TOP 1000,,
冷蔵庫,,
れいぞうこ,,
refrigerator,,
N5,,
TOP 5000,,
五,,
ご,,
five,,
N5,,
TOP 100,,
五つ,,
いつつ,,
five,,
N5,,
TOP 10000,,
日曜日,,
にちようび,,
Sunday,,
N5,,
TOP 5000,,
こちら,,
this way; ...,,
N5,,
TOP 200,,
子供,,
こども,,
child,,
N5,,
TOP 300,,
秋,,
あき,,
autumn,,
N5,,
TOP 2500,,
姉,,
あね,,
older sister,,
N5,,
TOP 5000,,
駅,,
えき,,
station,,
N5,,
TOP 300,,
始まる,,
はじまる,,
to begin; ...,,
N5,,
TOP 1000,,
すぐに,,
instantly,,
N5,,
TOP 500,,
四日,,
よっか,,
fourth day of the month; ...,,
N5,,
TOP 10000,,
半,,
はん,,
half; ...,,
N5,,
TOP 2500,,
どなた,,
who?,,
N5,,
どちら,,
which way; ...,,
N5,,
TOP 2500,,
野菜,,
やさい,,
vegetable,,
N5,,
TOP 1000,,
四つ,,
よっつ,,
four,,
N5,,
TOP 10000,,
話す,,
はなす,,
to talk; ...,,
N5,,
TOP 1000,,
公園,,
こうえん,,
(public) park,,
N5,,
TOP 2500,,
鳥,,
とり,,
bird; ...,,
N5,,
TOP 5000,,
黄色,,
きいろ,,
yellow,,
N5,,
TOP 5000,,
男,,
おとこ,,
man; ...,,
N5,,
TOP 1000,,
横,,
よこ,,
horizontal; ...,,
N5,,
TOP 2500,,
塩,,
しお,,
salt; ...,,
N5,,
TOP 2500,,
渡る,,
わたる,,
to cross over; ...,,
N5,,
TOP 2500,,
渡す,,
わたす,,
to ferry across; ...,,
N5,,
TOP 2500,,
黒い,,
くろい,,
black; ...,,
N5,,
TOP 5000,,
黒,,
くろ,,
black; ...,,
N5,,
TOP 2500,,
水,,
みず,,
water; ...,,
N5,,
TOP 400,,
どうぞ,,
please; ...,,
N5,,
TOP 2500,,
花瓶,,
かびん,,
(flower) vase,,
N5,,
ハンカチ,,
handkerchief,,
N5,,
飲む,,
のむ,,
to drink; ...,,
N5,,
TOP 400,,
一日,,
いちにち,,
one day; ...,,
N5,,
TOP 2500,,
一昨年,,
いっさくねん,,
year before last,,
N5,,
一人,,
ひとり,,
one person; ...,,
N5,,
TOP 1000,,
押す,,
おす,,
to push; ...,,
N5,,
TOP 2500,,
夕方,,
ゆうがた,,
evening,,
N5,,
TOP 2500,,
弾く,,
ひく,,
to play,,
N5,,
TOP 5000,,
一昨日,,
おととい,,
day before yesterday,,
N5,,
TOP 10000,,
夕べ,,
ゆうべ,,
evening; ...,,
N5,,
TOP 5000,,
バター,,
butter,,
N5,,
TOP 5000,,
町,,
まち,,
town; ...,,
N5,,
TOP 1000,,
今晩,,
こんばん,,
tonight,,
N5,,
先週,,
せんしゅう,,
last week,,
N5,,
TOP 5000,,
背,,
せ,,
back; ...,,
N5,,
TOP 10000,,
文章,,
ぶんしょう,,
sentence; ...,,
N5,,
TOP 2500,,
紅茶,,
こうちゃ,,
black tea,,
N5,,
TOP 5000,,
今月,,
こんげつ,,
this month,,
N5,,
TOP 5000,,
先月,,
せんげつ,,
last month,,
N5,,
TOP 5000,,
月曜日,,
げつようび,,
Monday,,
N5,,
TOP 5000,,
今週,,
こんしゅう,,
this week,,
N5,,
TOP 2500,,
九,,
きゅう,,
nine,,
N5,,
TOP 300,,
やさしい,,
easy,,
N5,,
大きな,,
おおきな,,
big,,
N5,,
TOP 300,,
魚,,
さかな,,
fish,,
N5,,
TOP 2500,,
椅子,,
いす,,
chair; ...,,
N5,,
TOP 5000,,
黄色い,,
きいろい,,
yellow; ...,,
N5,,
TOP 10000,,
ボールペン,,
ball-point pen,,
N5,,
台所,,
だいどころ,,
kitchen; ...,,
N5,,
TOP 10000,,
バス,,
bus; ...,,
N5,,
TOP 2500,,
ボタン,,
button,,
N5,,
TOP 1000,,
する,,
to do; ...,,
N5,,
TOP 100,,
冬,,
ふゆ,,
winter,,
N5,,
TOP 2500,,
コップ,,
glass; ...,,
N5,,
TOP 10000,,
先,,
さき,,
previous; ...,,
N5,,
TOP 1000,,
風邪,,
かぜ,,
common cold,,
N5,,
TOP 5000,,
じゃあ,,
then; ...,,
N5,,
TOP 500,,
忘れる,,
わすれる,,
to forget,,
N5,,
TOP 1000,,
飛行機,,
ひこうき,,
aeroplane,,
N5,,
TOP 5000,,
忙しい,,
いそがしい,,
busy,,
N5,,
TOP 2500,,
帽子,,
ぼうし,,
hat,,
N5,,
TOP 5000,,
上手,,
じょうず,,
skill; ...,,
N5,,
TOP 2500,,
同じ,,
おなじ,,
same; ...,,
N5,,
TOP 200,,
風,,
かぜ,,
wind; ...,,
N5,,
TOP 2500,,
エレベーター,,
elevator; ...,,
N5,,
TOP 10000,,
封筒,,
ふうとう,,
envelope,,
N5,,
TOP 10000,,
テーブル,,
table,,
N5,,
TOP 2500,,
後,,
あと,,
behind; ...,,
N5,,
TOP 200,,
後ろ,,
うしろ,,
back,,
N5,,
TOP 2500,,
いいえ,,
no; ...,,
N5,,
TOP 2500,,
作る,,
つくる,,
to make; ...,,
N5,,
TOP 100,,
前,,
まえ,,
ago; ...,,
N5,,
TOP 200,,
テープレコーダー,,
tape recorder,,
N5,,
元気,,
げんき,,
lively; ...,,
N5,,
TOP 2500,,
また,,
again,,
N5,,
TOP 100,,
カレンダー,,
calendar; ...,,
N5,,
TOP 5000,,
部屋,,
へや,,
room; ...,,
N5,,
TOP 1000,,
帰る,,
かえる,,
to return; ...,,
N5,,
TOP 1000,,
動物,,
どうぶつ,,
animal,,
N5,,
TOP 2500,,
テープ,,
tape,,
N5,,
TOP 5000,,
カレー,,
curry; ...,,
N5,,
TOP 2500,,
働く,,
はたらく,,
to work; ...,,
N5,,
TOP 500,,
毎週,,
まいしゅう,,
every week,,
N5,,
TOP 5000,,
毎朝,,
まいあさ,,
every morning,,
N5,,
TOP 10000,,
毎日,,
まいにち,,
every day,,
N5,,
TOP 500,,
毎晩,,
まいばん,,
every night,,
N5,,
八つ,,
やっつ,,
eight,,
N5,,
八,,
はち,,
eight,,
N5,,
TOP 200,,
茶碗,,
ちゃわん,,
rice bowl,,
N5,,
妹,,
いもうと,,
younger sister,,
N5,,
TOP 5000,,
昼,,
ひる,,
noon; ...,,
N5,,
TOP 5000,,
さあ,,
come; ...,,
N5,,
TOP 10000,,
午前,,
ごぜん,,
morning,,
N5,,
TOP 5000,,
灰皿,,
はいざら,,
ashtray,,
N5,,
入る,,
はいる,,
to enter; ...,,
N5,,
TOP 200,,
兄,,
あに,,
elder brother,,
N5,,
TOP 5000,,
兄弟,,
きょうだい,,
siblings; ...,,
N5,,
TOP 5000,,
一月,,
ひとつき,,
one month,,
N5,,
入れる,,
いれる,,
to put in; ...,,
N5,,
TOP 200,,
だんだん,,
gradually; ...,,
N5,,
TOP 5000,,
鍵,,
かぎ,,
key; ...,,
N5,,
TOP 5000,,
パン,,
bread; ...,,
N5,,
TOP 2500,,
たばこ,,
tobacco; ...,,
N5,,
TOP 5000,,
立つ,,
たつ,,
to stand; ...,,
N5,,
TOP 2500,,
病院,,
びょういん,,
hospital,,
N5,,
TOP 1000,,
病気,,
びょうき,,
illness,,
N5,,
TOP 2500,,
半分,,
はんぶん,,
half,,
N5,,
TOP 2500,,
村,,
むら,,
village,,
N5,,
TOP 2500,,
今,,
いま,,
now,,
N5,,
TOP 200,,
小さい,,
ちいさい,,
small,,
N5,,
TOP 1000,,
デパート,,
department store; ...,,
N5,,
TOP 10000,,
いる,,
to be; ...,,
N5,,
TOP 100,,
海,,
うみ,,
sea,,
N5,,
TOP 1000,,
クラス,,
class,,
N5,,
TOP 2500,,
習う,,
ならう,,
to take lessons in,,
N5,,
TOP 10000,,
勤める,,
つとめる,,
to work (for); ...,,
N5,,
TOP 2500,,
ここ,,
here; ...,,
N5,,
TOP 200,,
薬,,
くすり,,
medicine; ...,,
N5,,
TOP 2500,,
眼鏡,,
めがね,,
spectacles; ...,,
N5,,
TOP 5000,,
はい,,
yes; ...,,
N5,,
TOP 2500,,
土曜日,,
どようび,,
Saturday,,
N5,,
TOP 5000,,
意味,,
いみ,,
meaning,,
N5,,
TOP 400,,
それでは,,
well then ...; ...,,
N5,,
TOP 2500,,
暇,,
ひま,,
spare time; ...,,
N5,,
TOP 5000,,
両親,,
りょうしん,,
parents,,
N5,,
TOP 5000,,
水曜日,,
すいようび,,
Wednesday,,
N5,,
TOP 10000,,
階段,,
かいだん,,
stairs,,
N5,,
TOP 5000,,
音楽,,
おんがく,,
music,,
N5,,
TOP 1000,,
名前,,
なまえ,,
name; ...,,
N5,,
TOP 300,,
十日,,
とおか,,
the tenth day of the month; ...,,
N5,,
TOP 10000,,
外,,
そと,,
outside; ...,,
N5,,
TOP 2500,,
太い,,
ふとい,,
fat; ...,,
N5,,
TOP 5000,,
背広,,
せびろ,,
business suit,,
N5,,
三日,,
みっか,,
the third day of the month; ...,,
N5,,
TOP 5000,,
七日,,
なのか,,
the seventh day of the month; ...,,
N5,,
TOP 400,,
時間,,
じかん,,
time; ...,,
N5,,
TOP 100,,
もう,,
now; ...,,
N5,,
TOP 300,,
四,,
し,,
four,,
N5,,
TOP 100,,
違う,,
ちがう,,
to differ (from); ...,,
N5,,
TOP 200,,
ぬるい,,
lukewarm; ...,,
N5,,
持つ,,
もつ,,
to hold; ...,,
N5,,
TOP 100,,
目,,
め,,
eye; ...,,
N5,,
TOP 200,,
ポケット,,
pocket,,
N5,,
TOP 5000,,
東,,
ひがし,,
east,,
N5,,
TOP 2500,,
昨日,,
きのう,,
yesterday,,
N5,,
TOP 1000,,
千,,
せん,,
"1,000",,
N5,,
TOP 10000,,
今年,,
ことし,,
this year,,
N5,,
TOP 400,,
今朝,,
けさ,,
this morning,,
N5,,
TOP 5000,,
今日,,
きょう,,
today; ...,,
N5,,
TOP 400,,
近く,,
ちかく,,
near; ...,,
N5,,
TOP 1000,,
近い,,
ちかい,,
near; ...,,
N5,,
TOP 1000,,
おいしい,,
delicious,,
N5,,
TOP 300,,
大使館,,
たいしかん,,
embassy,,
N5,,
鼻,,
はな,,
nose,,
N5,,
TOP 5000,,
丸い,,
まるい,,
round; ...,,
N5,,
TOP 5000,,
あまり,,
remainder; ...,,
N5,,
TOP 300,,
フォーク,,
fork; ...,,
N5,,
TOP 10000,,
大好き,,
だいすき,,
loveable,,
N5,,
TOP 1000,,
字引,,
じびき,,
dictionary,,
N5,,
門,,
もん,,
gate; ...,,
N5,,
TOP 5000,,
夕飯,,
ゆうはん,,
evening meal,,
N5,,
TOP 10000,,
張る,,
はる,,
to stick; ...,,
N5,,
TOP 2500,,
それから,,
and then,,
N5,,
TOP 2500,,
それ,,
that; ...,,
N5,,
TOP 100,,
大学,,
だいがく,,
"post-secondary education institution, incl. university, college, etc.; ...",,
N5,,
TOP 1000,,
明後日,,
あさって,,
day after tomorrow,,
N5,,
TOP 10000,,
明日,,
あした,,
tomorrow; ...,,
N5,,
TOP 1000,,
テスト,,
test,,
N5,,
TOP 2500,,
その,,
that; ...,,
N5,,
TOP 100,,
ラジカセ,,
radio-cassette player,,
N5,,
ちょっと,,
just a minute; ...,,
N5,,
TOP 200,,
ラジオカセット,,
radio-cassette,,
N5,,
万,,
まん,,
"10,000; ...",,
N5,,
TOP 5000,,
ラジオ,,
radio,,
N5,,
TOP 5000,,
細い,,
ほそい,,
thin; ...,,
N5,,
TOP 5000,,
お酒,,
おさけ,,
alcohol,,
N5,,
TOP 2500,,
毎月,,
まいつき,,
every month,,
N5,,
TOP 2500,,
毎年,,
まいとし,,
every year,,
N5,,
TOP 2500,,
質問,,
しつもん,,
question,,
N5,,
TOP 1000,,
教える,,
おしえる,,
to teach; ...,,
N5,,
TOP 500,,
遠い,,
とおい,,
far,,
N5,,
TOP 5000,,
練習,,
れんしゅう,,
practice,,
N5,,
TOP 1000,,
そちら,,
that way; ...,,
N5,,
TOP 2500,,
そして,,
and,,
N5,,
TOP 100,,
一緒,,
いっしょ,,
together; ...,,
N5,,
TOP 5000,,
どうして,,
why?,,
N5,,
TOP 2500,,
ちょうど,,
exactly; ...,,
N5,,
TOP 2500,,
時々,,
ときどき,,
sometimes,,
N5,,
TOP 2500,,
そこ,,
there; ...,,
N5,,
TOP 500,,
出かける,,
でかける,,
to go out; ...,,
N5,,
TOP 2500,,
ストーブ,,
(room) heater,,
N5,,
TOP 10000,,
トイレ,,
toilet,,
N5,,
TOP 2500,,
強い,,
つよい,,
strong; ...,,
N5,,
TOP 300,,
口,,
くち,,
mouth; ...,,
N5,,
TOP 1000,,
一日,,
ついたち,,
first day of the month; ...,,
N5,,
TOP 2500,,
多分,,
たぶん,,
perhaps; ...,,
N5,,
TOP 2500,,
厚い,,
あつい,,
thick; ...,,
N5,,
TOP 5000,,
痛い,,
いたい,,
painful; ...,,
N5,,
TOP 2500,,
少し,,
すこし,,
small quantity; ...,,
N5,,
TOP 200,,
開ける,,
あける,,
to open; ...,,
N5,,
TOP 2500,,
少ない,,
すくない,,
few,,
N5,,
TOP 300,,
皆さん,,
みなさん,,
all,,
N5,,
TOP 400,,
しかし,,
however,,
N5,,
TOP 200,,
多い,,
おおい,,
many; ...,,
N5,,
TOP 100,,
住む,,
すむ,,
to live,,
N5,,
TOP 1000,,
絵,,
え,,
picture,,
N5,,
TOP 2500,,
行く,,
いく,,
to go; ...,,
N5,,
TOP 100,,
困る,,
こまる,,
to be troubled,,
N5,,
TOP 2500,,
先生,,
せんせい,,
teacher; ...,,
N5,,
TOP 400,,
みんな,,
all; ...,,
