w1,w2,w3,w4,w5,w6,w7,w8,w9,w10
生産,酸素,握る,願う,演技,梅,人数,進む,再会,あたり
真理,人名,年生,乾燥,夕食,反発,学期,定義,作,改札
特色,博士,金曜,破壊,先行,濃い,芝居,役,根拠,親しい
比例,設定,取材,水平,防ぐ,心身,燃料,朝日,火曜,技師
代理,尊敬,トラック,足りる,祭り,限定,我慢,月末,緊急,細胞
用事,期限,進出,長さ,警告,覚える,バランス,レベル,知恵,栽培
汚染,要素,親子,穀物,劇,任務,鳴る,写る,裸,殴る
外,保護,無限,決意,彫刻,要請,相続,不利,強制,たとえ
匂い,アルバム,個性,橋,記述,焦点,忘れる,よく,当選,巣
改革,達成,市役所,覚悟,境,災害,地帯,決勝,悪魔,意欲
好む,山,疲れ,来日,配慮,署名,異なる,役者,広さ,汽車
評判,灰色,宣伝,意志,本日,満たす,延期,本国,内閣,衣装
相変わらず,反映,生物,接する,上司,日光,初期,指揮,なさる,翌年
手間,死,要る,一流,独身,軽い,から,回,双子,体系
普及,家具,週間,ひどい,汗,標準,矛盾,折る,運送,通訳
主義,数,プロ,暖房,再生,開会,布団,入口,将棋,字体
大戦,ガラス,経過,予報,退院,上京,分解,課程,宝石,三角
本社,中古,花見,外来,大国,入手,新鮮,圧力,掲載,固い
ガス,同意,そこ,代金,釣り,政権,機構,大正,乗車,支払い
出演,親切,保つ,本質,下町,星,貨物,違反,受ける,でサイン
はっきり,減らす,伝わる,シャツ,映像,国道,到達,独自,際,穴
性能,消化,説得,線路,かわいい,地下鉄,前回,サイン,本文,毒
有料,是非,品物,勤める,流通,意義,強盗,優先,毛,白紙
大量,白,発足,急激,収穫,専門,医師,すみ,ベル,役に立つ
友好,時刻,開く,台,悪化,外科,出品,生存,感じる,券
夫人,上級,登山,勝利,政党,天井,紫,三日,発着,文法
ソフト,塔,ずっと,詩人,用語,応用,臨時,及ぶ,髪の毛,六日
深夜,付近,お母さん,信じる,息,草,高価,ママ,目標,豪華
書店,経由,砂漠,科目,明かり,中,結成,出かける,部門,守備
歩く,始める,敷地,商店,配達,集会,先端,田舎,決心,法人
熱心,以内,メモ,捕まえる,会談,穏やか,盗難,明治,貢献,不良
商業,大陸,眠る,開放,犠牲,信実,実に,知的,主任,専用
寒い,強める,恋愛,慎重,改造,多分,用,王子,あれ,国有
展示,飛行機,指,仕組み,演出,神,土木,組み,体操,力強い
考慮,九日,点,南西,話し合う,縮小,部下,赤ん坊,業績,出張
芽,寄せる,願い,でも,通話,真剣,無い,続く,公正,休暇
体,距離,事務所,革命,逆,司会,知り合い,特有,救助,構想
主に,偉大,大雨,変動,指輪,ほど,粉,全然,永久,経つ
引退,章,直す,権力,処分,ミズ,区,非難,典型,正義
商売,制作,俳句,煙,基地,悪率,発車,職場,祝日,経費
付属,壊れる,高等,総合,生まれ,公表,飛ぶ,参照,不自由,素材
博物館,疑う,竹,締める,微妙,徹底,システム,門,鬼,学力
人種,推進,平和,無駄,避難,勢力,テキスト,拾う,不可,運賃
例外,詳細,派遣,取引,書道,辺,真っ赤,できる,贈り物,命
ゆっくり,行為,エンジン,怒り,人格,文献,割る,アメリカ,集計,およそ
作成,原則,負う,悩み,改める,伝説,地獄,小鳥,汚い,照明
議長,英文,辞典,重力,上手,冷房,商人,見直す,事前,大げさ
統一,設立,分布,恐ろしい,株式,おもちゃ,ダンス,家屋,特集,国名
湯,クイズ,変化,右手,王様,地区,崩れる,睡眠,まさに,在学
生前,壊す,いくつ,専攻,幅,混雑,暮らす,絞る,比率,尊重
衝突,悲しい,支出,その,四季,加入,質,保険,苦痛,雇う
演劇,一層,すなわち,片手,葉,冒険,争い,ガソリン,五日,内科
信仰,続き,進行,入力,名称,また,角,頂上,校舎,何しろ
グラス,製作,推薦,学科,頼る,前日,触る,扉,制服,きり
岸,前提,国外,恥ずかしい,口,友情,多様,赤,段階,よく
幸福,有無,気付く,撃つ,尋ねる,情熱,日付,差,伝える,外見
娘,過ごす,若者,十七,お父さん,前,重量,嵐,著書,教える
開催,本部,新人,書物,会合,食物,極端,高級,たまに,対話
規模,しっかり,苦しい,液体,薬品,筆,遺跡,向き,金銭,入り
若い,地,夜中,本棚,留守,行列,刻む,手前,奇妙,行
国内,俺,復活,農民,腐る,名作,役目,味わう,支援,いわゆる
先頭,宿泊,暴力,もらう,夜明け,少々,黙る,配る,欠席,足す
意思,引用,強調,看板,運命,僕,統合,経る,関西,基盤
廊下,何とか,目安,棚,冗談,集合,倉庫,条約,昨夜,かける
近く,当たり前,塗る,邪魔,投げる,以降,純粋,理科,目指す,補助
見送る,用途,借りる,証拠,財政,同,水中,腰,済む,解除
学,主役,皮膚,島,クリスマス,前進,暇,広まる,入れる,派手
競技,狙う,指示,何で,動く,収集,概念,感染,改めて,ちょうど
習う,無視,狭い,記す,一応,学長,品質,連合,半島,一行
講義,つける,買い物,所属,東北,実用,泥棒,批評,果たす,苦情
今朝,平等,ステレオ,作戦,地上,掲げる,活発,昭和,引っ張る,倒産
東洋,測定,救う,手伝い,トップ,固定,子孫,翌日,自治,象徴
報道,空中,切って,協議,セット,先に,配置,空,特許,若干
運営,助手,題名,合意,観測,応じる,後方,収める,物価,四日
そして,不十分,歓迎,単なる,措置,日々,プラス,膝,寄付,促進
身,いずれ,白人,月日,工学,北西,上がり,一員,実態,系統
録音,外国人,休憩,通路,人々,入国,松,携帯,重点,温暖
向上,目立つ,感想,遊ぶ,廃止,何度,思い出,ペン,見物,接近
波,順調,昼食,細い,身分,区域,開館,直径,違う,枠
性質,宝,中旬,またわ,産地,駐車,動向,述べる,空き,好み
八日,嫌い,能力,挑戦,スタイル,法則,今に,降る,表紙,どの
発,叫ぶ,作文,面接,嫌う,題,街道,水曜,性別,裏切る
大体,夜間,鋭い,税金,衛星,辺り,写す,大工,記入,幸い
テニス,九つ,納得,思わず,自主,幸運,教員,名物,工作,語
ビル,青春,自己,次第,幼児,雇用,後輩,基づく,人材,封筒
最大,年上,反省,退職,公立,例,至る,境界,出来事,大臣
体調,アルバイト,面白い,針,移る,教え,当初,男女,死者,推定
正月,教養,見送,主催,舌,引く,管,発想,何より,農村
する,大木,所得,骨折,久しぶり,手伝う,定年,ここ,漁業,妻
自宅,燃える,芸能,生地,何と,集まり,素直,論理,合併,容器
女,試す,撮る,早朝,効率,充実,刀,巡る,停車,秋
半分,診断,論争,働く,腕,統計,戦後,二日,分離,相撲
国籍,悲劇,保険,財布,有する,発揮,制定,多数,十日,宣言
楽器,高層,欠点,強力,食堂,積む,拒否,施行,話し合い,育てる
カップ,就任,確立,卵,木曜,見通し,試み,旗,級,中学生
方,従来,派遣,乗客,とにかく,確定,湾,抗議,当選,都内
物事,左,反応,ある,犯す,朝食,婚約,少数,飼う,七日
直ちに,列島,当然,輸送,役所,あの,進化,接触,美術館,儀式
一瞬,大金,増大,対処,思い出す,拡張,一昨年,美術,判定,別々
ナイフ,申し上げる,問い,獲得,暑い,キャンプ,予測,続ける,熱帯,住居
恐怖,天然,公演,視点,増やす,飛ばす,無くなる,本体,支給,慣れる
悩む,名所,団地,座席,天候,南東,港,平野,襲う,糸
ベッド,森林,指摘,北東,映る,やがて,防衛,改良,職人,記号
順番,寂しい,肉体,野,高める,横断,万一,八月,次ぐ,権限
公式,やはり,請求,ワイン,日の出,丈夫,寺,要する,全般,石炭
駅前,政策,旅,区分,透明,泉,建つ,電池,悪い,妊娠
方言,加わる,注射,両側,削減,所有,誤り,大型,毒,昨年
次回,単語,月曜,課,地点,年金,預ける,骨,すっかり,夕刊
ポスト,鍋,見つめる,原料,文句,弁当,県庁,成分,育児,兵士
候補,景色,光る,出産,謎,湖,女王,売店,騒ぐ,あそこ
迷惑,高さ,間違える,妙,角度,立体,交際,傘,食,軍事
金融,与党,交渉,まるで,十月,天下,きっと,赤ちゃん,調理,内側
都心,神様,婦人,判決,自慢,捨てる,仲間,週末,年下,飯
往復,確保,消防,置く,甘い,削除,先,光景,審議,講堂
海洋,服装,方面,電報,予備,寿命,火災,やっと,回収,夏
毎朝,意向,正常,気に入る,宿題,福祉,両手,短期,応募,大抵
対応,分かれる,理論,演説,民主,夫妻,思考,上着,機関,生まれる
有力,売買,くれる,鉛筆,定める,実業う,強引,主題,大使館,下水
タイプ,帰宅,要因,側面,本,休業,嫁,幹部,給食,業務
投票,軍隊,墓,不便,果たして,国連,落ちる,モデル,会見,崩壊