Time,Script,Translation1,Translation2
9s,*ãƒŸãƒ¤ãƒ¯ã‚­ã‚µã‚¯ãƒ©ãƒãƒ£ãƒ³ãƒãƒ«*,Miyawaki Sakura Channel,* Miyawaki Kisakura Channel *
11s,çš†ã•ã‚“ã“ã‚“ã«ã¡ã¯ï¼ å®®è„‡å’²è‰¯ã§ã™ï¼,"Hello everyone, this is Miyawaki Sakura",Hello everyone! This is Sakura Miyawaki!
13s,ä»Šæ—¥ã¯Apex Legendsã‚„ã£ã¦ã„ããŸã„æ€ã„ã¾ãƒ¼ã™,[Playing Apex Legends!] Today I'll play Apex Legends,I want to do Apex Legends today
16s,ã•ãï¼ä»Šæ—¥ã®ç›®æ¨™ã¯ã§ã™ã­ã‡,Today's goal is,Come on! Today's goal is
18s,ã“ã®Apex Legendsã¯,"In Apex Legends,",This Apex Legends
21s,ãã®è©¦åˆãŒçµ‚ã‚ã£ãŸã‚ã¨ã«,when the match is over,After the match is over
22s,å€’ã—ãŸï¼æ•µã‚’å€’ã—ãŸæ•°ã‚‚ è¡¨ç¤ºã•ã‚Œã‚‹ã‚“ã§ã™ã‘ã©,there's a display of the number of kills [Like this] there's a display of the number of kills,fell down! The number of defeated enemies is also displayed.
25s,æ•µã«ä¸ãˆãŸãƒ€ãƒ¡ãƒ¼ã‚¸æ•°ã‚‚ã§ã™ã­ è¡¨ç¤ºã•ã‚Œã‚‹ã‚“ã§ã™ã‚ˆã­,[This is the damage done] The damage you do to the enemy is also displayed,"The number of damages done to the enemy is also displayed, right?"
28s,ã§ã“ã®ãƒ€ãƒ¡ãƒ¼ã‚¸æ•°ãŒ çµæ§‹,[This is the damage done] The damage you do to the enemy is also displayed This damage value is quite...,And this number of damage is quite
31s,ã¾ã£å€’ã—ãŸæ•°ã‚‚å¤§äº‹ãªã‚“ã§ã™ã‘ã©,"[The number of kills is also important] Well, the number of kills is also important",The number of knocked down is also important
33s,ä¸ãˆãŸãƒ€ãƒ¡ãƒ¼ã‚¸æ•°ã§,[Damage done is also important!] The amount of damage you do,With the number of damage done
35s,ç«¶ã„åˆã†ã¨ã„ã†ã¨ã“ã‚ã‚‚ã‚ã‚‹ã®ã§,[Famous streamers tend to refer to the damage amount] is also a competitive point,Because there are places where we compete
37s,ä»Šæ—¥ã¯ã§ã™ã­ã¾ã ä¸€åº¦ã‚‚ ã‚¯ãƒªã‚¢ã—ãŸã“ã¨ã®ãªã„,"Today, something I haven't achieved yet",Today is still once Never cleared
41s,1è©¦åˆã§æ•µã«1000ãƒ€ãƒ¡ãƒ¼ã‚¸ä¸ãˆã‚‹ã‚’,[Today's goal: Do 1000 damage in 1 match] Doing 1000 damage to the enemy in one match,Inflicts 1000 damage on enemies in one match
43s,é ‘å¼µã£ã¦ç›®æ¨™ã«ã—ã¦ã„ããŸã„ãªã¨æ€ã„ã¾ã™,[Today's goal: Do 1000 damage in 1 match] I'll do my best to achieve the goal,I want to do my best to make it a goal
46s,1è©¦åˆãªã®ã§,It's all in 1 match,Because it's one match
48s,ãªã‚“ã‹å…¨è©¦åˆé€šã—ã¦ã¨ã‹ã˜ã‚ƒãªã„ã®ã§,so it's not like a total of all matches,It â€™s not like going through all the games
50s,ã‹ãªã‚Šå¤§å¤‰ã«ã¯ãªã‚‹ã¨æ€ã†ã‚“ã§ã™ã‘ã©ã‚‚,so I think it'll be pretty tough,"I think it will be quite difficult,"
53s,ãªã‚“ã¨ã‹é ‘å¼µã£ã¦ã„ããŸã„ã¨æ€ã„ã¾ã™ï¼,but I'll do my best!,I want to do my best!
59s,1000ãƒ€ãƒ¡ãƒ¼ã‚¸ã£ã¦ãªã‚‹ã¨ã­ çµæ§‹,1000 damage is quite...,"When it comes to 1000 damage, it â€™s fine."
1:03,ã‚¬ãƒ„ã‚¬ãƒ„ã„ã‹ãªã„ã¨ *æˆ¦é—˜ã—ã¾ãã‚‰ãªã„ã¨ 1000ãƒ€ãƒ¡ãƒ¼ã‚¸ã„ã‘ãªã„* *æˆ¦é—˜ã—ã¾ãã‚‰ãªã„ã¨ 1000ãƒ€ãƒ¡ãƒ¼ã‚¸ã„ã‘ãªã„*,[I have to get in a lot of fights to get 1000 damage] I have to be aggressive or else,If you don't go crazy * You can't do 1000 damage if you don't fight * * You can't do 1000 damage if you don't fight *
1:08,ãƒ­ãƒ³ã‚°ãƒœã‚¦,Longbow!,Longbow
1:10,ãªã‚‹ã»ã©,I see,So that's it
1:17,ãƒ­ãƒ³ã‚°ãƒœã‚¦â€¦â€¦,...Longbow....,Longbow â€¦â€¦
1:30,ãˆã£ ã³ã£ãã‚Šã—ãŸ,Huh? Surprised me.,eh I was surprised
1:34,ã„ã‚‹ï¼,There!,Yes!
1:47,ã©ã“è¡Œã£ãŸï¼Ÿ,Where'd they go?,where did you go?
2:14,ã©ã“ã„ã‚‹ï¼Ÿ,Where are they?,Where are you
2:26,ãƒ¯ãƒ³ãƒ€ã‚¦ãƒ³ï¼,One down!,One down!
2:29,ã„ãŸï¼,There!,There was!
2:34,ã‚ªãƒƒã‚±ã‚¤ï¼,Okay!,Okay!
2:37,ã„ã„ã‚“ã˜ã‚ƒãªã„ï¼,Haaa! Pretty good right?,Why not!
2:42,å›å¾©ã•ã›ã‚‹ã­,I'll revive you,I'll recover
2:46,éœ‡ãˆãŸãƒ¼,Haah! I was shaking!,I trembled
2:51,ãˆã£ãªã‚“ã§è½ã¡ãŸã®1äºº,Huh? Why did one disconnect?,One of the people who fell
2:53,ãªã‚“ã§ãƒ¼ *ã¾ã•ã‹ã®å‘³æ–¹ãŒæ¥ç¶šåˆ‡ã‚Œæ³£* *ã¾ã•ã‹ã®å‘³æ–¹ãŒæ¥ç¶šåˆ‡ã‚Œæ³£* æ¥ç¶šåˆ‡ã‚ŒãŸã®ãƒ¼ *ã¾ã•ã‹ã®å‘³æ–¹ãŒæ¥ç¶šåˆ‡ã‚Œæ³£* *ã¾ã•ã‹ã®å‘³æ–¹ãŒæ¥ç¶šåˆ‡ã‚Œæ³£*,[A teammate disconnected ğŸ˜­] Why?? They disconnected?,Why * A rainy day ally is disconnected and crying * * Rainy day ally is disconnected and crying * I'm disconnected * A rainy day ally is disconnected * * Rainy day ally is disconnected and crying *
2:59,åˆ‡ã‚Œã¡ã‚ƒã£ãŸã®ã‹ãªï¼Ÿ åˆ‡ã‚Œã¡ã‚ƒã£ãŸã®ã‹ãªï¼Ÿ *åˆ‡ã‚Œã¡ã‚ƒã£ãŸãªã‚‰ã—ã‚‡ã†ãŒãªã„æ³£* *åˆ‡ã‚Œã¡ã‚ƒã£ãŸãªã‚‰ã—ã‚‡ã†ãŒãªã„æ³£*,[Too bad they disconnected ğŸ˜­] Disconnected I guess,"Did it run out? Did it run out? * If it runs out, it can't be helped crying * * If it runs out, it can't be helped crying *"
3:06,å¾…ã£ã¦,Wait....,wait
3:19,ä½¿ã‚ãªãã¦ã„ã„ã®ï¼Ÿ *æ°—ä»˜ã„ã¦ã‚‚ã‚‰ãˆãªã‹ã£ãŸæ³£*,[They didn't realize ğŸ˜­] You don't need to use them?,Do I have to use it? * Crying that was not noticed *
3:21,æ•µã„ã‚‹ï¼Ÿ,Enemy there?,Are you an enemy?
3:25,å›å¾©ã—ãªã„ã®ï¼Ÿ,They're not restoring,Will it not recover?
3:27,å›å¾©ã¯ï¼Ÿ,Are you going to heal?,How about recovery?
3:32,ã©ã†ã™ã‚‹ï¼Ÿ,What do we do?,what will you do?
3:34,æ•µã®ã¨ã“è¡Œã‹ãªã„ã¨,If I don't go to where the enemy is,I have to go to the enemy
3:36,1000ãƒ€ãƒ¡ãƒ¼ã‚¸ä¸ãˆã‚‰ã‚Œãªã„ã‚“ã ã‘ã©ã­,I won't be able to do 1000 damage,I can't do 1000 damage
3:43,èª°ã‹èµ·ã“ã—ã¦ã‚‹ã‚ˆ *èª°ã‹ãŒå‘³æ–¹ã‚’ãƒªã‚¹ãƒãƒ¼ãƒ³ã•ã›ãŸã£ã½ã„* *èª°ã‹ãŒå‘³æ–¹ã‚’ãƒªã‚¹ãƒãƒ¼ãƒ³ã•ã›ãŸã£ã½ã„*,[Seems someone made my teammate respawn] Someone did it,Someone is waking up * Someone seems to have respawned an ally * * Someone seems to have respawned an ally *
3:46,ã©ã“è¡Œãã®,Where did they go?,Where are you going
3:50,å¾©æ´» ã‚ã£ãã“ã«è¡Œãï¼Ÿã‚‚ã—ã‹ã—ã¦å¾©æ´»,"Ah, going over there? To heal...",Resurrection Are you going over there? Possibly resurrected
3:54,ã‚ãƒ¼ã„ãŸã„ãŸ,"Ah! There, there",I was there
3:59,ã©ã“ã©ã“ã©ã“ã©ã“ã©ã“ ã©ã“ã©ã“ã©ã“ã©ã“ã©ã“è¡Œãã®ï¼Ÿ,Where Where Where Where Where Where to go?,"Where, where, where, where, where, where, where?"
4:05,ã©ã“è¡Œãã®ï¼,Where am I going?,Where are you going!
4:09,æ•µã„ãŸã‘ã© ã©ã†ã™ã‚‹ï¼Ÿ,Enemy.... ...was there but what do I do?,"I was an enemy, but what would you do?"
4:26,ã©ã†ã™ã‚‹,What to do?,what will you do
4:28,2äººã ã—å¼•ã“ã†ã‹,"Only two of us, let's pull back",Let's pull two people
5:00,ã©ã“ã©ã“ã©ã“ï¼Ÿ,Where where where,Where where where?
5:13,ã¡ã‚‡ã£ã¨å¾…ã£ã¦ã­,Wait a minute,Wait a minute
5:27,ä¸Šã‹ã‚‰ã‚‚æ¥ã¦ã‚‹æ°—ãŒã™ã‚‹,I feel like they're also coming from above,I feel like I'm coming from above
5:39,ã”ã‚ãƒ¼ã‚“ï¼,Sorry!,I'm sorry!
5:43,æŒŸã¾ã‚Œã¦ãŸã,I got pinched!,I was caught
5:44,ã•ãï¼ ãƒ€ãƒ¡ãƒ¼ã‚¸ã¯ï¼Ÿ,Ok! My damage,Come on! What is the damage?
5:48,ã„ã‚„ãã§ã‚‚å…¨ç„¶ ã„ã£ã¦ãªã„ã ã‚ã†ãªã,But I didn't really do anything,"No, but I don't think I'm at all"
5:54,248,248...,248
5:56,ã“ã‚Œã§248ã‹ã,So it's 248 like this [With a simple calculation 1 kill is 100 damage at most so I have to get 10 kills ğŸ˜­] 1000 is still far away,Is this 248?
5:58,ã‚‚ã†1000ãªã‚“ã¦ã‚‚ã† *å˜ç´”è¨ˆç®—ã§ 1äººå€’ã™ã®ã«æœ€é«˜100ä¸ãƒ€ãƒ¡ãƒ¼ã‚¸ã ã‹ã‚‰ 10ã‚­ãƒ«ã—ãªã„ã¨ã„ã‘ãªã„æ³£* ã‚‚ã†ã»ã©é ã„ã§ã™ã­ *å˜ç´”è¨ˆç®—ã§ 1äººå€’ã™ã®ã«æœ€é«˜100ä¸ãƒ€ãƒ¡ãƒ¼ã‚¸ã ã‹ã‚‰ 10ã‚­ãƒ«ã—ãªã„ã¨ã„ã‘ãªã„æ³£*,[With a simple calculation 1 kill is 100 damage at most so I have to get 10 kills ğŸ˜­] 1000 is still far away,"It â€™s already 1000. It's so far away * It's a simple calculation to kill one person, but it's a maximum of 100 damage, so you have to kill 10 crying *"
6:03,ã¾ãã§ã‚‚ä»Šã®ã¯ ä»Šã®è©¦åˆã¯é€”ä¸­ã§,"Well, the match now... We lost one person along the way so","Well, now the game is on the way"
6:06,ã‚‚ã†1äººã®æ–¹æŠœã‘ã¦ã—ã¾ã£ãŸã—,We lost one person along the way so,Another person has left
6:08,ã¾ã£æœ€åˆ2äººå€’ã›ãŸã—,first of all I managed to kill 2,I was able to beat two people at the beginning
6:11,ã¾ã£è‰¯ã‹ã£ãŸã‚“ã˜ã‚ƒãªã„ã§ã™ã‹ *è‰¯ã‹ã£ãŸã‚“ã˜ã‚ƒãªã„ã‚“ã§ã™ã‹ï¼Ÿ* *è‰¯ã‹ã£ãŸã‚“ã˜ã‚ƒãªã„ã‚“ã§ã™ã‹ï¼Ÿ*,[It's good right?] so that's good right?,Wasn't it good * Isn't it good? * * Isn't it good? *
6:13,åˆæˆ¦ã«ã—ã¦ã¯ *åˆæˆ¦ã«ã—ã¦ã¯ï¼*,[As a first battle!] As a first battle!,For the first match * For the first match! *
6:18,ç§ãŒï¼Ÿ ã‚¸ãƒ£ãƒ³ãƒ—ãƒã‚¹ã‚¿ãƒ¼ï¼Ÿ,Me? Jump Master?!,I? Jumpmaster?
6:25,ã‚ªãƒƒã‚±ãƒ¼ã‚¤ è¡Œã“ã†,Okay! Let's go!,Let's go ok
6:43,ãªã‚“ã ã“ã®,What is this?,What is this
6:45,ã“ã¡ã‚‰ã‚’ã©ã†ãã¨,"like ""please help yourself!""",Please click here
6:48,è¨€ã‚ã‚“ã°ã‹ã‚Šã®,"like ""please help yourself!"" Level 2... It's level 2",Just to say
6:57,å¾…ã£ã¦ãƒ¼,Wait!,Wait
6:59,ãªã‚“ã‹ãƒ›ãƒƒãƒˆã‚¾ãƒ¼ãƒ³ãªã®ã«èª°ã‚‚æ¥ãªã‹ã£ãŸ,It's a Hot Zone but no one is here,Nobody came even though it was a hot zone
7:15,ãƒãƒ©ãƒãƒ©ã™ãã‚‹ã‚ˆã¿ã‚“ãª,So spread out,It's too disjointed everyone
7:16,ã¡ã‚‡ã£ã¨ãƒãƒ©ãƒãƒ©ã™ãã‚‹ *ã¡ã‚‡ã£ã¨3äººãŒãƒãƒ©ãƒãƒ©éãã‚‹æ³£* *ã¡ã‚‡ã£ã¨3äººãŒãƒãƒ©ãƒãƒ©éãã‚‹æ³£*,[We're a little too spread out ğŸ˜­] a bit too spread out,A little too disjointed * A little too disjointed crying * * Three people are crying too far apart *
8:22,ã”ã‚ã‚“ï¼ ãŠé¡˜ã„ï¼,Sorry! Please!,sorry! Please!
8:26,ãƒŠã‚¤ã‚¹ï¼,Nice!,nice!
8:48,é ‘å¼µã£ã¦ãƒ¼,Do your best!,good luck
8:52,ã¤ã‚ˆãƒ¼ï¼,Strong!,Tsuyo!
9:02,ã‚ã‚ŠãŒã¨ã†ãƒ¼,Thanks!,Thank you
9:08,åŠ©ã‹ã‚‹ãƒ¼,You saved me...,It helps
9:09,ãƒ†ãƒ³ã‚­ãƒ¥ãƒ¼,Thank you,Tenkyu
9:35,ç§ã®,Mine...,my
9:42,ã„ã‚„ãƒ¼åŠ©ã‹ã£ãŸ,I'm saved!,"No, it was saved"
9:45,ä»²é–“ãŒå¼·ã„,My teammate is strong,Strong friends
9:52,ãªã«ãã®,What is that?,What that
9:54,ãªã«ãã® èª°ã‹ã«ç‹™ã‚ã‚Œã¦ã‚‹æ°—ãŒã™ã‚‹ã¿ãŸã„ãª,"What is that? ""Someone's aiming at you""",I feel like someone is aiming for me
9:58,ã™ã”ã„ç‰¹æ®Šèƒ½åŠ› *ã‹ã£ã“ã„ã„ç‰¹æ®Šèƒ½åŠ›*,[A cool special ability] Really... special ability,Great special ability * Cool special ability *
10:01,ãã‚“ãªã“ã¨ã‚‚ã§ãã‚‹ã®ãƒ¬ã‚¤ã‚¹ã£ã¦,The Wraith can do that?,Wraith who can do that
10:04,ã‚ãƒ¼ã‚„ã°ã„ã‚„ã°ã„ ã‚ã°ã°ã°ã°â€¦â€¦,Oh no no no no no,Ahhhhhhhhhhhhhhh ...
10:05,ã‚ã°ã°ã°ã°â€¦â€¦,No no no no no,Ababa Baba â€¦â€¦
10:10,ãƒŠã‚¤ã‚¹ ã¤ã‚ˆã£ï¼,Nice! Strong!,Nice Tsuyo!
10:12,ã“ã®äººã‚ã¡ã‚ƒã‚ã¡ã‚ƒå¼·ãã­ï¼Ÿ ã•ã£ãã‹ã‚‰,"This person is super strong, since before","This person is really strong, isn't he? From a while ago"
10:19,è¡Œã“è¡Œã“â€¦â€¦,Go go go,Let's go ...
10:26,ã‚„ãƒ¼ã°ã£,Bad!,Yaba
10:40,ãƒŠã‚¤ã‚¹,Nice!,nice
10:44,è¡Œãã­ã‡ï¼,It's going well!,I'm not going!
10:47,ã¾ãã­ã‡ ã“ã®ã‚²ãƒ¼ãƒ ã£ã¦åŸºæœ¬è©°ã‚ãªã„ã¨,"Well, in this game basically if you don't get in close","Well, this game has to be basic"
10:52,å‹ã¦ãªã„ã‚“ã ã‚ˆã­ã‡,you can't win,I can't win
10:57,ç™»ã‚Œãªã„ã¨,can't climb up,If you can't climb
11:08,ã“ã‚Œã‚¨ãƒªã‚¢å¤–ã ã‹ã‚‰å‹ã¦ã‚Œãã†,This is outside the area so seems we can win,This is outside the area so I think I can win
11:29,ãˆã£ å¾Œã‚ï¼,Huh? Behind!,eh back!
11:39,ã‚ã‚ŠãŒã¨ã†ã£,Thanks,Thank you
11:41,ã‚‚ã†ã»ã‚“ã¨ã«ãªã‚“ã‚‚ã—ã¦ãªãã¦ã”ã‚ã‚“ãªã•ã„ã£ã¦æ„Ÿã˜ *åŠ©ã‘ã‚‰ã‚Œã¦ã°ã£ã‹ã‚Šã§ã”ã‚ã‚“ãªã•ã„*,"[I just keep getting saved Sorry] I'm like ""I'm sorry I don't do anything!""",I feel sorry I haven't done anything anymore * I'm sorry I was just helped *
11:47,ã¡ã‚‡ã£ å¼·ã™ãã‚‹ã“ã®äººãŸã¡ãŒ,These people are too strong,These people who are a little too strong
11:50,ãªã‚“ã‚‚ã—ã¦ãªã„ãƒ¼ï¼,I'm not doing anything!,I haven't done anything!
12:08,é£›ã¶ã®ã­,Jump,You fly
12:10,ã˜ã‚ƒã‚ã‚‚ã†ã‚ã®ã‚±ã‚¢ãƒ‘ã‚±ã¯ã•ã‚ˆã†ãªã‚‰,Well goodbye to that care package,Then that care package is goodbye
12:15,ã‚ã£ã¡ã‚ƒã‚‚ã† ã‚¬ãƒ³ã‚¬ãƒ³æ”»ã‚ã‚‹ã­ã“ã®äºº ã™ã”ã£,"Crazy, these people are really attacking, amazing!",This person who is already attacking hard Wow
12:23,ãã—ã¦å‹ã¤ã®ãŒå‡„ã„,And it's amazing that they win,And it â€™s amazing to win
12:31,ã°ã‚Œã¦ã‚‹ããªã„ï¼Ÿ ã“ã‚Œ,Won't we be noticed?,Are you not exposed? this
12:35,ã°ã‚Œã¦ãªã„ã®ï¼Ÿ,They didn't notice?,Haven't you been exposed?
13:14,ãŠã—ã£,Yes!,Oshi
13:20,ã‚ªãƒƒã‚±ã‚¤ï¼,Okay!,Okay!
13:27,ãŠã—ã£ï¼,Yes!,Oops!
13:29,ã‚„ãŸãƒ¼ï¼,I did it!,Yeah!
13:53,*ã—ã‹ã—ã€å¹¸ç¦ã¯é•·ãã¯ç¶šã‹ãªã„ã®ã ã£ãŸâ€¦*,However... my happiness didn't last long,* But happiness didn't last long ... *
14:09,*ã¾ã•ã‹ã®ã‚²ãƒ¼ãƒ è½ã¡ã‚‹ã‚¢ã‚¯ã‚·ãƒ‡ãƒ³ãƒˆ*,Unexpected Game Crash Accident,* Rainy day game falling accident *
14:14,ãªã‚“ã§ï¼ï¼Ÿ,WHY?!,why! ??
14:24,ã”ã‚ãƒ¼ã‚“,Sorry...,I'm sorry
14:24,*å‘³æ–¹ã®çš†ã•ã‚“ æœ¬å½“ã«ã”ã‚ã‚“ãªã•ã„æ³£*,[Sorry to all my teammates ğŸ˜­] Sorry.... everyone... [Sorry to all my teammates ğŸ˜­] Why did it crash?,* I'm really sorry to all of you cry *
14:27,ãªã‚“ã§è½ã¡ã‚‹ã®ï¼Ÿ *å‘³æ–¹ã®çš†ã•ã‚“ æœ¬å½“ã«ã”ã‚ã‚“ãªã•ã„æ³£* *å‘³æ–¹ã®çš†ã•ã‚“ æœ¬å½“ã«ã”ã‚ã‚“ãªã•ã„æ³£*,[Sorry to all my teammates ğŸ˜­] Why did it crash?,Why do you fall? * I'm really sorry to all of you cry * * I'm really sorry to all of you cry *
14:29,ã‚ã£ã¡ã‚ƒèª¿å­è‰¯ã‹ã£ãŸã®ã«,It was going so well,I was really in good shape
14:38,ã•ã‚ãƒ¼ã‚„ã£ã¦ãã¾ã—ãŸãŒ,"Well, I did it but",I'm here
14:40,1000ãƒ€ãƒ¡ãƒ¼ã‚¸ã„ã‘â€¦ï¼Ÿ,1000 damage was...,Take 1000 damage ...?
14:42,æœ€å¾Œã®è©¦åˆç§ æ•µã«,"In the last match, I think...",Last match to my enemy
14:45,çµæ§‹ ã‚ã£ã¡ã‚ƒã‚ã¡ã‚ƒé ‘å¼µã£ãŸã‚“ã§ã™ã‚ˆ,I really tried hard,I did my best very much.
14:48,å€’ã‚Œã¦ãŸã‚Šã¯ã—ã¤ã¤ã‚‚,Even though I kept dying,While falling down
14:50,ã ã‹ã‚‰ãƒ¼ ã»ã‚“ã¨ã«ã‚·ãƒ§ãƒƒã‚¯ã§ã—ãŸ,So it's really a shock now,That's why I was really shocked
14:53,ã¾ã‚ã§ã‚‚ ã¡ã‚‡ã£ã¨ã¯å‰å›ã‚ˆã‚Šã‚‚,Ah! But... [Maybe I showed a bit of development...?] I feel like improved a bit from last time I think,"Well, a little more than last time"
14:55,æˆé•·ã—ãŸå§¿ã‚’è¦‹ã›ã‚‰ã‚ŒãŸã‚“ã˜ã‚ƒãªã„ã‹ã¨æ€ã„ã¾ã™ *å°‘ã—ã¯æˆé•·ã—ãŸå§¿ã‚’è¦‹ã›ã‚‰ã‚ŒãŸã®ã§ã¯â€¦ï¼Ÿ*,[Maybe I showed a bit of development...?] I feel like improved a bit from last time I think,I think I was able to show my growth * Maybe I was able to show my growth a little ...? *
14:59,ãˆãƒ¼ã™ã”ã„ãªã‚“ã‹å¤‰ãªå§¿ã‚’ è¦‹ã›ã¦ã—ã¾ã£ã¦ã™ã¿ã¾ã›ã‚“ã§ã—ãŸ,Ehh... Sorry I showed you guys something weird,I'm sorry I showed you something strange.
15:03,ãã‚Œã§ã¯ã¾ãŸæ¬¡ã®å‹•ç”»ã§ãŠä¼šã„ã—ã¾ã—ã‚‡ã† ã°ã„ã°ãƒ¼ã„ï¼,"Well then, let's meet again in the next video! Bye bye!",See you in the next video!
15:15,*ãƒãƒ£ãƒ³ãƒãƒ«ç™»éŒ²ãƒ»é«˜è©•ä¾¡ ã‚ˆã‚ã—ããŠé¡˜ã„ã—ã¾ã™â™¥*,Please leave a like and subscribe â¤ï¸,* Subscribe to the channel and appreciate it â™¥ *
11s,ã¿ãªã•ã‚“ã“ã‚“ã«ã¡ã¯å®®è„‡å’²è‰¯ã§ã™,"Hi everyone, I'm Miyawaki Sakura.","Hello everyone, this is Sakura Miyawaki"
13s,ãŠä¹…ã—ã¶ã‚Šã§ãƒ¼ãƒ¼ãƒ¼ã™ï¼ï¼,It's been a while!,It's been a long time! !!
16s,ã¡ã‚‡ã£ã¨ä»Šæ—¥ã»ã¼ãƒ¡ã‚¤ã‚¯ã—ã¦ãªã„çŠ¶æ…‹ãªã®ã§,I don't have much make up on today,I haven't made up for a while today
19s,ã‹ãªã‚Šå°ã•ã‚ã§ãŠé€ã‚Šã—ã¦ã„ã¾ã™,so I've made myself small.,I am sending it in a fairly small size
22s,ä»Šæ—¥ã¯ä»Š å…¨ä¸–ç•Œä¸­ã§æµè¡Œã£ã¦ã„ã‚‹ APEX LEGENDSã¨è¨€ã†ã‚²ãƒ¼ãƒ ã‚’ã‚„ã£ã¦ã„ããŸã„ã¨æ€ã„ã¾ãƒ¼ã™,Today I would like to look into Apex Legends which is now popular all over the world.,Today is now popular all over the world I want to play a game called APEX LEGENDS.
29s,ã“ã®ã‚²ãƒ¼ãƒ ã¯ç°¡å˜ã«è¨€ã†ã¨,In this game there are three people in one team.,This game is simply
32s,3äºº1ãƒãƒ¼ãƒ ã«ãªã£ã¦åŒã˜å³¶ã«é™ã‚Šã¦,"In this game there are three people in one team. Briefly explained, team surviving until the end becomes champion.",Get off on the same island as a team of 3 people
35s,ä¸€ç•ªæœ€å¾Œã¾ã§ç”Ÿãæ®‹ã£ãŸãƒãƒ¼ãƒ ãŒ,"Briefly explained, team surviving until the end becomes champion.",The team that survived to the very end
38s,ãƒãƒ£ãƒ³ãƒ”ã‚ªãƒ³ï¼ã¨è¨€ã† ã¾ã‚ä»Šæµè¡Œã£ã¦ã„ã‚‹,"Briefly explained, team surviving until the end becomes champion. Online games are honestly speaking popular right now.","champion! Well, it's popular now"
41s,ã‚ªãƒ³ãƒ©ã‚¤ãƒ³ã‚²ãƒ¼ãƒ ã®ãƒ«ãƒ¼ãƒ«ãªã‚“ã§ã™ã‘ã© æœ¬å½“ã«,Online games are honestly speaking popular right now.,It's an online game rule Really
47s,æœ¬å½“ã«ã‚ã¡ã‚ƒã‚ã¡ã‚ƒæµè¡Œã£ã¦ã„ã¦,Online games are honestly speaking popular right now. I have still not played this game yet. Because still over 25 million people are playing it...,It â€™s really in vogue
49s,ã¾ã ã“ã®ã‚²ãƒ¼ãƒ å‡ºã¦ ï¼‘ã‹æœˆã‚‚çµŒã£ã¦ãªã„ã‚“ã§ã™ã‘ã© ã‚‚ã† 2500ä¸‡äººä»¥ä¸Šã®æ–¹ãŒ ã“ã®ã‚²ãƒ¼ãƒ ã‚’ã—ã¦ã„ã‚‹ã‚‰ã—ãã¦ ç§ã‚‚,I have still not played this game yet. Because still over 25 million people are playing it...,Still out of this game It's been less than a month Already More than 25 million people It seems that you are playing this game Me too
58s,è‰²ã‚“ãªæ–¹ã®ã‚²ãƒ¼ãƒ å®Ÿæ³ã‚’è¦‹ãŸã‚Šã¨ã‹ è‡ªåˆ†è‡ªèº«ã§ã‚‚ å°‘ã—ã‚„ã£ã¦ã¿ãŸã‚Šã—ã¦,Tonight I'm going to try it myself. And this game seems a lot of fun.,Watching the game live of various people Even myself I tried a little
1:03,ã“ã®ã‚²ãƒ¼ãƒ ã™ã£ã”ã„æ¥½ã—ã„ã®ã§,Tonight I'm going to try it myself. And this game seems a lot of fun. Today I'm going to try to become the champion. I'll try my best!,This game is so much fun
1:05,ä»Šæ—¥ã¯ã“ã®ã‚²ãƒ¼ãƒ ã§ ãƒãƒ£ãƒ³ãƒ”ã‚ªãƒ³ã‚’ç›®æŒ‡ã—ãŸã„ã¨æ€ã„ã¾ã™ï¼ é ‘å¼µã‚Šã¾ã™ï¼,Today I'm going to try to become the champion. I'll try my best!,Today in this game I want to be a champion! I will do my best!
1:11,ã“ã®ã‚²ãƒ¼ãƒ ã¯ã§ã™ã­æœ€åˆã« ã‚­ãƒ£ãƒ©ã‚¯ã‚¿ãƒ¼ã‚’é¸ã¹ã‚‹ã‚“ã§ã™ã‘ã© ãã®ã‚­ãƒ£ãƒ©ã«ã‚ˆã£ã¦ ã“ã†èƒ½åŠ›ã ã£ãŸã‚Šã¨ã‹,In this game you choose a character first. Depending on the character it has abilities.,"This game is the first I can choose a character Depending on the character, this ability"
1:23,ãã®ä»Šã‹ã‚‰ãƒ¬ã‚¸ã‚§ãƒ³ãƒ‰ã‚’é¸æŠã—ã¾ã™,"Now I'm going to choose a ""Legend""",Select a legend from now on
1:30,ç§ã¯ãƒ©ã‚¤ãƒ•ãƒ©ã‚¤ãƒ³ã‹ ãƒãƒ³ã‚¬ãƒ­ãƒ¼ãƒ«,"Character: ""Time for dinner, get pork chops tonight! Love pork chops...""",Am i a lifeline Bangalore
1:44,ã“ã®ã‚²ãƒ¼ãƒ ã¯ã‚½ãƒ­ã¨ã‹ãƒ‡ãƒ¥ã‚ªãŒãªãã¦,"Character: ""I am prepared for the fight. There isn't solo or duo in this game...",This game has no solos or duos
1:50,çµ¶å¯¾ã«ã“ã†3äºº1çµ„ã§ã—ã‹ ã“ã®ã‚²ãƒ¼ãƒ ã¯ãƒ—ãƒ¬ã‚¤ã§ããªã„ã®ã§,You can't play unless you have three people so ...,This game can only be played by a group of 3 people
1:54,æœ¬å½“ã«ã‚‚ã†ã„ã‹ã«ä¸€ç·’ã«,Really... How long... You stay-,How really together
1:58,ã†ã‚ã£ï¼ å¼·ã„äººæ¥ãŸï¼,Wah! A strong player!,Wow! A strong person has come!
2:01,116ã‚­ãƒ«ï¼Ÿ,116 kills?,116 kills?
2:06,ã‚ã‚ŠãŒãŸã„,I'm thankful...,Thank you
2:09,ã¨ã«ã‹ãã“ã®ã‚²ãƒ¼ãƒ ã¯,In this game...,"Anyway, this game is"
2:11,ä»²é–“ã¨ã„ã‹ã«ä¸€ç·’ã«å‹•ã„ã¦ã‚‹ã‹,The fact that you can fight with your team mates for a long time...,How you work with your friends
2:16,å…¨ã¦ã®éµã‚’æ¡ã‚Šã¾ã™ã­,Is the key to winning!,You hold all the keys
2:24,ã¿ã‚“ãªãŒã„ã‚‹ã“ã“è¡Œã“ã†,How about here?,Let's go here with everyone
2:30,ãƒ›ãƒƒãƒˆã‚¾ãƒ¼ãƒ³ã˜ã‚ƒã‚“,"It's the ""Hot Zone""...",It's a hot zone
2:34,ã‚‚ã†ã„ã‚„ã çµ¶å¯¾ã„ã£ã±ã„ã„ã‚‹ã‚‚ã‚“,I don't want to... There's probably going be a lot of people,I don't like it anymore
2:45,ã„ã£ã±ã„ã„ã‚‹ã‚ˆ,There is so many...,There are many
2:47,ã‚„ã ãƒ¼,No...,No
2:48,åŠ©ã‘ã¦åŠ©ã‘ã¦,help me... help me,Help help help
2:51,æ­¦å™¨æ­¦å™¨æ­¦å™¨æ­¦å™¨ ã¨ã‚Šã‚ãˆãšæ­¦å™¨,"Weapon.. Weapon... Weapon... Anyways, I need a weapon...",Weapons Weapons Weapons Weapons for the time being
2:54,ãƒ”ãƒ¼ã‚¹ã‚­ãƒ¼ãƒ‘ãƒ¼ã‚ã‚ŠãŒãŸã„,"Thanks for the ""Peacekeeper""",Thank you for the peacekeeper
2:58,ãˆãˆã£ ãƒ‡ã‚£ãƒ´ã‚©ãƒ¼ã‚·ãƒ§ãƒ³ï¼Ÿå¼·ããªã„ï¼Ÿ,"Eh? ""Devotion""? Isn't it strong?",Eh devotion? Isn't it strong?
3:01,ä»²é–“ã¨ä¸€ç·’ã«ã„ãŸã„,I want to be with my teammates,I want to be with my friends
3:05,ä»²é–“ã¯ï¼Ÿ,Teammates?,Who are your friends?
3:15,ã‚ã£ã¡ã‚ƒ ãˆä½•ã“ã‚Œ,A lot! Eh? What is this?,What is this
3:18,ãƒ‡ã‚£ãƒ´ã‚©ãƒ¼ã‚·ãƒ§ãƒ³ãŒã“ã‚“ãªã«è½ã¡ã¦ã‚‹,Devotion can spawned this much?,The devotion is so low
3:20,ãƒ©ã‚¤ãƒˆã‚¢ãƒ¼ãƒãƒ¼ã“ã‚“ãªè½ã¡ã¦ã‚‹ã“ã¨ã‚ã‚‹ï¼Ÿ,"Has there been a case where ""Light Armour"" has been dropped this much?",Light Armor Have you ever fallen like this?
3:25,ä»²é–“ã¯ï¼Ÿ,Teammates?,Who are your friends?
3:27,ä»²é–“ã¯ï¼Ÿ,Teammates?,Who are your friends?
3:29,ä»²é–“ã®ã¨ã“è¡Œã“ã†ã¨ã‚Šã‚ãˆãš,You don't want to be away from your teammates...,Let's go to friends for the time being
3:37,æ€–ã„ ã‚ãƒ¼ã„ã‚„ã ,Scary! I don't like it!,I'm scared
3:39,ä»²é–“ã¨ä¸€ç·’ã«ã„ã‚‹,I'm with my teammate...,Be with friends
3:44,æ€–ã„ æ€–ã„,Scary!,scared scared
3:48,1äººã“ã“ã«ã„ãªã„ã‚“ã ,Okay... There isn't anyone here...,I'm not here alone
3:51,3äººã§æ¥ã‚‰ã‚ŒãŸã‚‰ãã¤ã„,"If we were to be attacked by a team, it'll be tough...",It's tough if three people can come
3:54,ã¡ã‚‡ã£ã¨ä¸€ç·’ã«å‹•ã„ã¦ã‚‚ã‚‰ã£ã¦,Together... Can I come through? Thank you,Have them move with me for a moment
3:58,ã‚ã‚ŠãŒã¨ã†ã”ã–ã„ã¾ã™ æ„Ÿè¬ã—ã¾ã™,Thank you very much! I'm grateful!,Thank you very much. I am grateful
4:07,ã“ã‚Œã¯,This thing is like...,this is
4:10,ãªã‚“ã‹å¿…æ®ºæŠ€ã£ã¦ã®ãŒã‚ã‚‹ã‚“ã§ã™ã‘ã©,"There is a thing called ""Ultimate"" in this game...",There is something special about it
4:11,ã©ã®ã‚­ãƒ£ãƒ©ã«ã‚‚,"There is a thing called ""Ultimate"" in this game... For your character...",For any character
4:13,ãã‚Œã‚’ä»Šè²¯ã‚ã¦ã‚‹ æ—©ãè²¯ã¾ã‚‹,"That thing is for accumulating... To quickly accumulate your ""Ultimate""...",I'm saving it now Accumulate quickly
4:17,ã“ã“ã«ã­59ãƒ‘ãƒ¼ã£ã¦ä»Š æ›¸ã„ãŸå›³ãŒã‚ã‚‹ã¨æ€ã†ã‚“ã§ã™ã‘ã©,This over here... Where it says 59%,I think there is a figure I just wrote about 59 par here.
4:20,ãã‚ŒãŒè²¯ã¾ã‚‹ã¨ãƒ¼,"If you accumulate it... (If you accumulate to 100%, you can activate your ultimate)",When it accumulates
4:23,ã­ã‡ã¡ã‚‡ã£ã¨ä¸€ç·’ã«å‹•ã“ã†,Hey... Let's move together,"Hey, let's move together"
4:26,æ€–ã„,I'm scared,scared
4:33,ã“ã‚Œã£ã„ã‚‹ï¼Ÿ,Do you need it?,Do you have this?
4:40,ã“ã®ã‚²ãƒ¼ãƒ ã®ã™ã”ã„è‰¯ã„ã¨ã“ã‚ã¯,The amazing part about this game is...,The great thing about this game is
4:43,é‡è‰¯ã§ã‚‚æˆ¦ãˆã‚‹ã¨ã“ã‚,you can communicate easily even if you're in the ad-hoc mode (playing with people you don't know),Where you can fight even in the stray
4:45,ãªã‚“ã‹ã“ã†ã‚„ã£ã¦ ã‚·ã‚°ãƒŠãƒ«é€ã‚Œã¦,Like this... You can send a signal,Send a signal like this
4:49,ã ã‹ã‚‰ã“ã“ã« ãã®æ­¦å™¨ãŒã‚ã‚‹ã‚ˆã¨ã‹ ã“ã“ã« æ•µãŒã„ã‚‹ã‚ˆã¨ã‹ã‚’,"So for example... ""There is a weapon over here"" or ""An enemy is over here""",So here I have that weapon Here There are enemies
4:57,ã™ã”ã„ã­æ•™ãˆã‚„ã™ã„ã‚“ã§ã™ã‚ˆã­,"It's amazing... It's really easy to communicate, right? (Signal function, godly)","It â€™s amazing, it â€™s easy to teach."
5:00,ã ã‹ã‚‰é‡è‰¯ã§ã‚‚ ã¾ã‚ãªã‚“ã¨ã‹ ã‚„ã£ã¦ã„ã‘ã‚‹,"So, even if you're in the ad-hoc mode... Somehow, you can communicate!","So even in the stray, somehow I can do it"
5:05,ã‚„ã°ã„ å‘³æ–¹ã¨ä¸€ç·’ã«ã„ãªã„ã¨ä¸å®‰ç—…ã ã‹ã‚‰,"If I'm not with my ally, I feel insecure so...",I'm anxious if I'm not with a bad ally
5:09,ã•ã£ãã§ã‚‚æ•µé™ã‚Šã¦ãŸã‚“ã ã‚ˆãª ã“ã“ã‚‰ã¸ã‚“ã«,"Previously, enemies also landed here... right around here?",The enemy had come down a while ago.
5:13,æ€–ã„ãªã,Scary...,I'm scared
5:19,ã‚¹ã‚¿ãƒ¼ãƒˆãƒ€ãƒƒã‚·ãƒ¥ã ã‹ã‚‰ã©ã†ã«ã‹,"It's an initial boost, so somehow...",Somehow because it's a start dash
5:25,æ’ƒã¡åˆã„ãŒå§‹ã¾ã£ã¦ã‚‹,omg they're starting already,Shooting has begun
5:27,è¿‘ããªã„ï¼Ÿçµæ§‹,Pretty close isn't it?,Isn't it close? very well
5:32,ã“ã®ã‚²ãƒ¼ãƒ ã ã¨çµæ§‹è¿‘ãã«éŠƒå£°èã“ãˆã¦ã‚‚ æ„å¤–ã¨é ã„,"In this game... even if you hear a gunshot really close, it's actually pretty far","In this game, even if you hear a gunshot quite close Surprisingly far"
5:40,ã‚“ï¼Ÿ,Oh?,Hmm?
5:45,ã©ã†ã™ã‚‹ã©ã†ã™ã‚‹ ã©ã£ã¡è¡Œãï¼Ÿ,The enemies are on both sides Which way should we go?,"What do you do, which way do you go?"
5:47,æŒŸã¾ã‚Œã¦ãªã„ï¼Ÿ,I think we're caught in between?,Isn't it pinched?
5:48,ä¸€æ—¦ã“ã£ã¡ã«è¡Œãï¼Ÿ,Let's just run this way for now,Do you want to go here once?
5:50,ã‚ãƒ¼ã‚¹ãƒ”ãƒƒãƒˆãƒ•ã‚¡ã‚¤ã‚¢,Woah Spitfire (a weapon)...,Wow Spitfire
5:53,ã‚¹ãƒ”ãƒƒãƒˆãƒ•ã‚¡ã‚¤ã‚¢ã ã¨æ›¿ãˆãŸã„ã‘ã©,I wanna use Spitfire but...,I want to replace it with a Spitfire
5:59,ã‚ãƒ¼,Oh no...,Oh
6:01,ã©ã†ã—ã‚ˆã§ã‚‚,What should I do...,No matter what
6:03,ã‚„ã°ã£ãƒãƒ¬ã¦ã‚‹ã‚ˆã­,Oh my god we're getting shot,You're crazy
6:47,ã‚ã£ã¡ã«ã‚‚ã„ã‚‹ã®ï¼Ÿ ãˆã£ã¡ã‚‡ã£ã¨å¾…ã£ã¦å¾…ã£ã¦å¾…ã£ã¦,They're on that side too?! Wait wait wait...,"Are you there too? Wait a minute, wait, wait"
6:54,æ¥ã¦ã‚‹,They're coming,Coming
7:05,ã‚ãƒ¼å¾…ã£ã¦,Aahhh,Wait ah
7:19,ã”ã‚ã‚“ãªã•ã„,My aim is so bad lol I'm sorry,sorry
7:21,å¤šã™ã æ•µãŒå¤šã™ãã¾ã™ã­,Too many... There were too many enemies,There are too many enemies
7:28,ãˆã£,What!,eh
7:31,ãªã‚“ã§ã¿ã‚“ãªãƒãƒ¼ã‚±ãƒƒãƒˆè¡ŒããŸãŒã‚‹ã®,Why does everyone want to go to Market...,Why everyone wants to go to the market
7:50,ã‚¹ãƒ”ãƒƒãƒˆãƒ•ã‚¡ã‚¤ã‚¢,Spitfire!!! My favorite weapon!!!,Spitfire
7:57,é †èª¿ãªé§†ã‘å‡ºã—,Good start,Good start
8:04,ã‚ã‚Œå¾…ã£ã¦,Okay! Wait...,Wait for that
8:12,ã†ã‚ã£ã„ã‚„ã¡ã‚‡ ã¿ã‚“ãªã©ã“,Where is everyone?,"Wow, where are you guys?"
8:15,ã‚ã£ã¡ã‚ƒæ•µã„ã‚‹ããªã„ï¼Ÿ è¿‘ã,Isn't there a lot of enemies? Next to us...,Do you really have an enemy? near
8:16,ã‚‚ã†æ¥ã¦ã‚‹ã‚ˆ,They're already coming...,I'm already here
8:21,å½“ãŸã‚‰ãªã„,I can't hit them!,Don't hit
8:32,ãŠã—ã£ï¼,Yes!,Oops!
8:35,ãŠé¡˜ã„ï¼,Oh no! Please!,Please!
8:39,é ‘å¼µã£ã¦ãƒ¼ï¼,Good luck!,good luck!
8:42,ã‚ãƒ¼ãã¤ã„ã‹ãƒ¼,Ah... Is it too tough?,"Ah, it â€™s tight"
8:44,ã‚ãƒ¼æƒœã—ã„ãƒ¼,So close!,Ah regrettable
8:49,ã‚‚ã£ã¨ã¡ã‚ƒã‚“ã¨å‘¨ã‚Šè¦‹ã¨ã‘ã°,I should of scouted more...,If you look around more properly
8:55,ã©ã“ã ï¼Ÿ ã‚ã£ã„ãŸ,"(In this game, there is an echo, sorry)",Where's? It was warm
9:11,ãŠã£è¡Œãã­ã‡,Woah! That's cool... I'm going to follow,Hey go
9:38,ã¡ã‚‡ã£ã¨ å›å¾©ã—ã¾ã™,Wait... I'm going to heal!,I will recover a little
9:46,å€’ã—ãŸï¼ŸãŠãƒ¼,Did you defeat them? Woah!,fell down? Oh
9:49,ã‚„ã£ãŸã‚„ã‚“,Yay~!,I did it
9:53,ã„ã„ã­ãƒ¼ã¿ã‚“ãªèª¿å­è‰¯ã„ã‚ˆãƒ¼,That's good! Everyone is healthy! (With just defeating one enemy comes this Miyawaki-san who cares for others...),Good-everyone is in good shape-
9:56,ã‚„ã£ãŸãƒ¼,Yay~,Yay
10:16,ã‚ã£ã„ãŸ,I'm here!,It was warm
10:24,ã¡ã‚‡ã£ã¨,Wait...,A little
10:27,å¼•ã,I was too forward! I'm pulling back!,Pull
11:03,ãƒ¤ãƒã„,Oh no!,Dangerous
11:55,ã¡ã‚‡ã£ã¨å¾Œã‚,Is that person in the white? (Health),A little behind
11:57,è¡Œã“ã†è¡Œã“ã† è¡Œã‹ã‚“ï¼Ÿè¡Œã‹ãªã„ï¼Ÿ,Let's go! Let's go! Not go-? Are we not going?,"Let's go, let's go? Would you like to go?"
12:00,ã©ã†ã™ã‚‹ï¼Ÿ,What are we going to do?,what will you do?
12:37,ã‚ãƒ¼ã”ã‚ã‚“ï¼,Ah! Sorry!,I'm sorry!
12:40,ã¡ã‚‡ã£ã¨1äººã§æ¥ã™ããŸã‹ãª,I'm sorry you have to fight alone!,I wonder if I came too much alone
12:42,ã”ã‚ã‚“ã­ é ‘å¼µã£ã¦ï¼,Good luck!,"I'm sorry, do your best!"
12:43,ãƒŠã‚¤ã‚¹ï¼,NICE!,nice!
12:46,ã‚ãƒ¼ï¼ã”ã‚ãƒ¼ã‚“,Ah! Sorry!,Ah! I'm sorry
12:48,ç§ãŒå…¥ã‚Šã™ããŸ,I deviated too far from the group... I didn't think there'll be that much people!,I entered too much
12:52,ã†ã‚ã£ ã‚ã£ã¡ã‚ƒå¼·ã„äººã„ã‚‹1äºº,Wah! A really strong player!,Wow One person who is very strong
13:33,å‘ã“ã†ï¼Ÿ,Where?,Over there?
13:41,ãˆãƒ¼ï¼,Eh?!,Eh!
13:55,ãã¤ã£ï¼,Tough!,Tight!
14:17,ã‚ãƒ¼ï¼ã”ã‚ã‚“ï¼,Ah! Sorry!,Ah! sorry!
15:03,å¼·ã„,So strong!,strong
15:10,å¼·ã™ãã‚‹ã“ã®äººãŸã¡,These allies are really strong!,These people who are too strong
15:14,ãªã‚“ã‚‚ã—ã¦ãªã„ç§,"(Anyway, allies are too strong)",I'm not doing anything
15:17,ã‚ãƒ¼å¾…ã£ã¦,"Ah, wait!",Wow wait
16:21,å¼·ã£,Strong!,Strong
16:29,ãªã‚“ã«ã‚‚ã—ã¦ãªã„ã‚ˆãƒ¼ å¼·ã™ãã‚‹,I'm not doing anything,I'm not doing anything-too strong
16:41,ã‚ˆã—ã£ ã¾ã ã„ã‚‹ã‹ãªï¼Ÿ,There's more?,Are you still okay?
16:58,ã“ã®äººãŸã¡ãƒ¤ãƒã„,They are too good!,These people are dangerous
17:08,ã‚ã¨4éƒ¨éšŠ,"After this, it'll be the 4th unit",4 more units
17:42,ã„ãˆãƒ¼ã„1äººå€’ã—ãŸãƒ¼,Yay! I beat them by myself!,"Yeah, I killed one person"
17:47,ã‚„ã£ãŸãƒ¼,I did it!,Yay
18:20,ã“ã®äººãŸã¡ãªã‚‰ã‚¤ã‚±ã‚‹æ°—ãŒã™ã‚‹,"If it's with these people, I can do it!",I feel like these people are cool
18:31,ã‚„ã‚Šã‚ã£ã¦ã‚‹,There they are!,I'm interacting
18:33,ã‚ã‚ŒãŒç‰‡ä»˜ã„ã¦ã‹ã‚‰è¡Œã‹ã‚“ï¼Ÿ,Is this the right way to go?,Can I go after that is done?
18:37,1å¯¾1ã§ã‚„ã‚Šçµ‚ã‚ã£ã¦,"To finish it, it's one-on-one!",Finished one-on-one
18:55,ã†ã‚ã£,"The opponent's ability is ""Gas Damage""",Wow
19:22,å¾Œã‚ã‹ã‚‰ã‚‚,It's dangerous in front of me and behind me!,From behind
19:26,ã‚­ãƒ„ã‚­ãƒ„,It's tough! It's tough!,Tight
19:50,ã‚ã®ä¸Šã‚ºãƒ«ã„ã­ã‡,"The one at the top... Is unfair, right~",That's crazy
19:53,ã©ã†ã™ã‚‹ï¼Ÿ ã“ã‚Œå¾…ã£ã¦ã¦ã‚‚ã‚ã‚Šã˜ã‚ƒãªã„ï¼Ÿ,"(Asides from us, there are 2 teams remaining, it's like the climax!)",what will you do? Isn't it okay to wait for this?
20:23,ãã“ã«ã„ã‚‹ã‚“ã ã‚ˆãªã,So that's where they are...,I'm there
20:34,ã©ã£ã¡è¡Œãã®ï¼Ÿ,"I wonder which... Because the next area decides it, let's move with our allies!",Which one are you going to go to?
20:39,æ°—ã‚’ä»˜ã‘ã¦,I'll be careful,watch out
20:41,å¥½ãã«è¡Œãã®ã‹,Should I go through the gap?,Do you like it
20:59,ã„ã‚‹ï¼,They're here!,Yes!
21:42,å¾Œã‚ã«ä»Šã„ã‚‹ï¼,They're here! They're also behind me!,I'm behind you now!
22:16,é ‘å¼µã£ã¦ãƒ¼,Good luck!,good luck
22:21,ã‚ãƒ¼é ‘å¼µã£ã¦ï¼,Ah! Good luck!,Good luck!
23:08,ã‚¤ã‚±ã‚‹ï¼,Strong! You can do it!,That works!
23:13,ãŠé¡˜ã„ï¼,Please!,Please!
23:22,ã‚ã¨1äºº,Just one more!,1 more
23:31,GGï¼,GG!,GG!
23:42,å¼·ã£ï¼,So strong!,Strong!
23:46,ã†ã‚ã£ï¼,(I got carried real hard),Wow!
23:49,1äººã ã‘12 ç§1ã‚­ãƒ«ã˜ã‚ƒã‚“,"Just by themselves, twelve kills... I got one kill...",Only one person 12 I'm 1 kill
23:52,ã¾ãã¾ãã¾ãã§ã‚‚,That's okay...,"Well, well, but"
23:55,1äººå€’ã›ãŸã‹ã‚‰è‰¯ã‹ã£ãŸ,I'm happy I got to defeat one person!,I'm glad I was able to beat one person
24:01,å‡„ã„ï¼,Amazing!,great!
24:04,å¼·ã„,So strong!,strong
24:05,ã•ãã¨ã„ã†ã“ã¨ã§ APEX LEGENDSã‚„ã£ã¦ãã¾ã—ãŸ,"With that being done, I've played Apex Legends...",So I came to APEX LEGENDS
24:09,ã¾ã ã¾ã ã¾ã ã¾ã  å…¨ç„¶ä¸‹æ‰‹ãªã‚“ã§ã™ã‘ã©,I still so~ bad at the game but...,I'm still not good at all
24:12,ã‚ã®ãƒ¼ ã©ã†ã«ã‹å¼·ã„å‘³æ–¹ã®ãŠã‹ã’ã§ ãƒãƒ£ãƒ³ãƒ”ã‚ªãƒ³ç²ã‚Œã¾ã—ãŸãƒ¼ï¼,"Thanks to my strong teammate, I got to be ""Champion""! (Thank you to all my teammates)",Thanks to a strong ally somehow I got the champion!
24:17,ã‚ã‚ŠãŒã¨ã†ã”ã–ã„ã¾ã™ æœ¬å½“ã«,"Thanks, really!",Thank you really
24:18,æœ¬å½“ã«ã‚ã‚ŠãŒã¨ã†ã”ã–ã„ã¾ã—ãŸ,"Really, Thank you very much!",I'm really thankful to you
24:20,ã‚­ãƒ£ãƒªãƒ¼ã—ã¦ã„ãŸã ãã¾ã—ãŸ,"I was ""carried""...",I had you carry
24:23,æ¬¡ã¯ã‚‚ã†ã¡ã‚‡ã£ã¨ ãƒãƒ¼ãƒ ã«è²¢çŒ®ã§ãã‚‹ã‚ˆã†ã« é ‘å¼µã‚ŠãŸã„ã¨æ€ã„ã¾ã™,"Next time, I'll try hard to contribute to the team!",Next is a little more I will do my best to contribute to the team
24:27,å‹•ç”»ã”è¦–è´ã‚ã‚ŠãŒã¨ã†ã”ã–ã„ã¾ã—ãŸãƒ¼ï¼,Thanks for watching this video! (Thank you for watching till the end),Thank you for watching the video!